address,quantity
0x90ae3c37e580bd09ba62e87426e8dd68cad23099,1
0xf2e23196a7d7b8114e3dcac0e2eeacb5cd0839de,1
0xcd64f879030a7a4fe081609e1a9b626bb45b09b3,1
0xaeb8832a499de2bf255d99d076cd5869a32ab6d9,1
0x67327c9a8acf6ddbe81970262fc0923a00ab4868,1
0x9947e170a76d466e982cd4fdcf1b662b356f4d6a,1
0xef323cac89d4759513f10e61c1c0d29db5aa791d,1
0x1d331db5be0b9031de0b5bf553e333f6a3915c93,1
0xa624df7f3219f6f76094652a63aa25897fcfd0e6,1
0x7304a74bf8fac5ca3fe29c8d26c67225232cf4f6,1
0xa4b6333440d95d0130999d3627fd1a3953c4609d,1
0x9ff860aebc9513acb66473b0b26f4bf272b3bfb4,1
0xfc9ae5e1417059d39ac0fef8bf6fb1270cb256e2,1
0x26a96bfee7cb6a468e29fbb725f84892393a0d44,1
0xda24aa83ef7c1daaad3e40c8de2e4737908bf636,1
0x130f76701804fd71696f41f0bb11eb7b3a02914e,1
0x4d353d2bdf1513b02a1ad1c7912bb24023bc0367,1
0x080b31baf8f12d5f7456fd7a80cbdba7ced696d4,1
0x2497011dcea9b19a04b0272e6b5b062ed0aa10c3,1
0x202af649c5661ceaccf3398fa132d641bf6d1f0b,1
0x5444eacc3d709ed09bcf6d8621453d8951368b5c,1
0x389ad3700e5bccab1f90fbc0b60f6ee7558952b9,1
0x4524ef7664c85ab02b0061622a0ad9d3d78f20fd,1
0xa966dba54bb0dcbfcd830395994567c0587e3b3e,1
0xbba952285f6d9f06d15afec0b023161c30c52d60,1
0x3b5cea4100fc3c00d17ffa96830a1f65adff6e49,1
0xbbecbea855f6dacacadfdc9107b69d1a470b6d54,1
0x3f7c14e402fcc3864d6e1ae1c4747ff1805d0512,1
0xcb433105e076cf42ffaab1e37e03755287f42dd5,1
0x7037ec4303dd82ae3c57e37774372591a6d64093,1
0x905f7a234e28f7b8a47f76b5966061c63c78c8a2,1
0x65489c0a3b956328a65096988a389fbdd2dd7e63,1
0xdcf73c3e4afacf85fa3f75449da14b6ea95a4806,1
0x3bb60eddda61b8660baa64014ea75d3954d91938,1
0x39ec6c8027538bee5ef64df6ae2bb4453b4a666c,1
0x31616764d202bbb17ada860884c9091a92ecae4e,1
0xbf81b2728ab3f9c1be98c0288ecc0150bf679fa2,1
0x0000088605cddc056afb18c2db6692d3c4b33eb4,1
0x112de0d91a911a56313024b5543be78cb859ab72,1
0x7e7c65c3c0ff7b87946655ecbbfbc7af5239700e,1
0xb2bab398b9772e0aa7230042a1d39a0694bd7fba,1
0xfaa6b114d51bc711589262eebbae4ac798234198,1
0xcdfb02a11e3d8473ca11bda5f2403674192d745c,1
0x747aceaa15ad2fc1d51b1bb0cc596e7193ae741b,1
0xb7077251cfd03b188e4bdb97435763f428eab27f,1
0x5eda210c390e05d1235835e7d4a511780084b000,1
0x8b9de4fca99d4c95c909a225945497b18c49cd16,1
0x3eff5cedc6bc976d24b58383f47415253afd9052,1
0x3094e92da20e05b1dc4eb68a0970ad8d23a90b33,1
0xee80b0c19ab5f83a149639b8c87df4d18865dfb9,1
0x8270298caf64de076cb632cdcfdaa80257559d6d,1
0x5f64e6ae87c8a35d57f045129f1c90b2aad4d9a6,1
0x64bd67bc509f61d5ee8ca63b2e90aa8a9e2f6b86,1
0x9621de4630a891cd494d316dc7a3099b0dcf5474,1
0xfd80bb57b05ac53916679c1b40e126d6daab2f7a,1
0x65b89b987aba2f4489e786da3d2aa29b769bd910,1
0x9b04fce1ecb14efa25d41b43ed38dbbb57a32738,1
0xe169ed3d5bd2fe7a76928b217047644ea9d736de,1
0xd3377c07bc6f8d382b106eb2d6722a69fec2887a,1
0x4af468ec0c69a043e41e444a6a3f4981dad776da,1
0x64fe5a59d07834e15e22ac1020811a94ba080e20,1
0x900ab1129a3b983f521a9fb6e248366b1409fb19,1
0x52912fba2e24d83a90d0fe49f3708026082717e5,1
0x15d95d0cc6eeb9c8062a4d96b8547cc6ece2c579,1
0x7c2910f47c049484bf11d87992734713cea7c896,1
0xa28ba0d8fefed47fc1accef68faeba3804309480,1
0x05d89702ad4b1c8b816e658ec40b148342c614d4,1
0x117f1389dee487f50ca3480ba7adb2d214b9117e,1
0x887804bd3c919affd7de5f33778124374dd1a289,1
0x4447e0a889fa3703b7f91430df34ad7caf152187,1
0xb7cc24f9aba08c00bd620af3d7f9496f2ddcb8bc,1
0xa84b32b9dc28b6aec1a8f474eb60f3865082d215,1
0x2350c7fb06933b09f882081ba629e795952356cf,1
0x8fada3b0d786b6659d82d9c05028426395852650,1
0x7e59c2e03a87cf422b862bce00cc76ab2c4e8a2c,1
0x212b18f340deab8a5c4fa01ff88d0df8c58301df,1
0xa8525858c72c67ec30290793095c26ab7e9a4721,1
0x4a7de5ed0e8c422d98f732482ef307a1a0c3022a,1
0xa8e45caf77431182127c8df10da2e0d59bf9c507,1
0x7890de1c91fd2e1f1bd9fb96c30114cf93cceca8,1
0xf8f5af3c759ef3ebed83fbe971b2a233f51e517c,1
0x19e06e9bd4b7252547b131dbb015df091fe195d9,1
0x6946ff357fe2625dc928701e6e22cf950cf3054e,1
0xab0671d6c3d789bf926f66be691f6a1bdb70562a,1
0xfcc29e31cf38a3c536e440d9c23c8d137325addb,1
0xfa2e79c83a4681c22e02780367f093b75b76fcf2,1
0x997101c7660db0c2ea36583e6341db23b6beeea1,1
0x1ba0fac06683e4cee5720440b3f0b37a8bab1575,1
0x2c808c70923176650d86e9cca4a4e863cb4f8c62,1
0x1681f6dab7cf97f3434908df9d05eb7895ad3e53,1
0x9b850a64dfd7adc0ab718fa1906561118eb4f497,1
0xcc2cea353dfcb77ff48ea9f4fb97863e9d69470c,1
0x1ed578007756646b4152d330ae137282233af06d,1
0x6f6a09d781fa217ade765aca417961544ee57ed0,1
0x8dfedb1f62820222ec8ff4d68ddcd86b71116d37,1
0x541aa4259b2a63048dbd0168e67dd3a1f67a282b,1
0x47339b7c1fd2fe6dfa959485ca6a3a6e9b383b98,1
0x3600dd43b4f589ce48e707846d33bfb3cee24cfd,1
0x05bccc082af0c969389677a865a5bc4570cb0a23,1
0xe92621a0502b3eddf2240089d0703c398b5b85c7,1
0xf7a8b58e1e13c0b58797b7d5ff629f3684debcd5,1
0x404289fe9e860585b867537c91be231225f69d11,1
0xb14bfa1ffa3311ae0901422fa6566b627afc2d7b,1
0xf09310b47cc796ad7f5c8ea8cf2def2188178fa8,1
0x77ceeb34df72740d9c2cc848f9c7d61720e85a0a,1
0xdc7d0b3b85ea9232161f3d52e66eaf20ed59964e,1
0x75b5e4771a20beb4b2441a8909347d2997332c7b,1
0x9df5b07e22094c00188c27f3859fecd3428eb17d,1
0x29cdbeb50b71e085e6255ec716d23527f0044e60,1
0x000000f7045a8d8f9cf65ae929985bf2cfae2775,1
0x40536224ef670ca321d5dde316061a5625c05137,1
0x06a4d2d2146a027542b7e83c14aed637b8ebff84,1
0xd5ac2c18abf6935ffa1fce042734f91aa78d5c7e,1
0x754f459fdab3baa00b72845ede35101695e519a2,1
0x111114763659874226785ab7b7df9e1364be8332,1
0x296432b218ecde0c869d8461b323c6fa2c7392eb,1
0xbe60caef7638612492feb5b8122a38717ba7b926,1
0xa3a71c1b7f87573f9b121e5b19fc2ebce4085cf1,1
0x000000006f457c0f8f560333d9c2877287d92a92,1
0x000006852707efdcb2db24b39f47ae03a28aedfb,1
0xc1321103d6e7ac32fb104ed3f1fd1fce2cc54d55,1
0xc9ff4e76de76a4316d81a4e28d5497c438296e25,1
0x5f0ea5ee8d2120f98e891fdc834043f90528e648,1
0xc7756e4980d0c4503c75e499d1618f9f48b050e3,1
0x44a7715bd1b6b802e94b6b89c4d7157d4040586b,1
0x8a1749218c2c4b100045d97d0e953c48c2541dfc,1
0x5290220f6c834734b974bdda379d262550316bef,1
0xf1f5187c7c9d1e81a9c975c641dbd27631134057,1
0xd6c061f37a6dc54c0ec57ae2676f36641c01174f,1
0x58306cc36224450481b5e2fac6c21a369eb20dc4,1
0x7e0fef1c3bf356f9fc0fb876fbfcaa9e53574226,1
0x8ada33fba2e7c2afd43f4e55d5780db70b9a286b,1
0x94587ecea8970edbb39b6a1a58332efdfb8ec038,1
0x30dbc88c27a717c077a9cd2ca7550c73447ca811,1
0x70f3c3f1b0184dcc3d86cf5ce15d0248ffff9711,1
0x8b16dd3b8363cd85b14db394cda9e153bffbb61d,1
0x1a730411590d9798ceec2d07e2f3f2cfd1f51b8c,1
0x0ad50c58d425a264105d826f65e9db156bd864bb,1
0xc30e6905e260b1c4126b080cc445f67de2b52717,1
0xa08e0fee921525286d8720601c4c414da1cedf75,1
0x15ee523fb157982cb1f993bc15a7f40af0ebd2a6,1
0xe7874b8fd44f845a93beed5c631708da780af64f,1
0x4cea4832ec4dc78594021beb45a3ad0ffe685b63,1
0xcc6bcee83c5227a61f13c4f04c313a6e25b4639c,1
0x6748bc46a796e550b3c206401f634e61238bfe97,1
0x1f7f36b7469748eda342e3795a8102dda585e4b8,1
0x8fddbbbf2d18159b14fe53041a65b2a890ac3f48,1
0xb0c9117b58dcf1ba97c7be7bb3102b0ce0a0050c,1
0x01dac2da58c5f335958964c4488c069928e30e76,1
0x5e46f1ae9115402949d12fbbdc601c0dcf1e292d,1
0xc039492610f7984178906f1175e875eab393557f,1
0x5c18ec120ecc2bfaccc7c09cc1a41860fd163f54,1
0xe109b0b45d1641d40f3e715fe9560aca3fc876bc,1
0x8ed3230719dbea66b65bf60902657efffdbeb70f,1
0x1a3ac6bd05637a4d3b9b93354f13417b932cb162,1
0xb7a62a6df897695ffeab9f12a4f4a5a795b8a737,1
0xfdbb5483aaf3ca1abc9485201fb15869b9d51b83,1
0x1cdc37a346a7b959ca49379783f0fce6dd22f674,1
0x9e9fa6ead446450f1568fabe12d3fccfb47ebbdc,1
0x8fe6b7643337404aeb4b3ecaeb47fe3d463bcb77,1
0xdc4bb0364f879cfb0a5db8e06427c52e3a4019a7,1
0xdc4b0f20621c6ded766d5321fb03e763ce4f157a,1
0x4702cf0ed0ffeec68f170c3bc3c3fca9a58ed1b4,1
0x446b13f1ae0be4c85a2ff77fc13de392132862c9,1
0x450af4d3937b8891dc4f4945b1cf3ffe90115bf1,1
0xf04aba2c7f1ed9aba89bbd5d5b49304201059197,1
0x16ab229cc554b86499327f4c8052f7fefe487556,1
0x4389cd4b251ce3cb89481891389c7efc39af33da,1
0xd4b54e686767bb3792fb92dc15f1cba07cd0e91d,1
0xa5b9824974efa9c7b1a6a2a0dbf7b13c8d923191,1
0x2ce299051b89d137f64b8633d69c7da43b6d7a36,1
0xd6461533463aec1a43e5add86f67a5acf40e28f0,1
0xadf3081629d197dbb3acee190fd304b5b4b91e56,1
0xd04dc6ab7535f696381c9caf09ecb249a271778f,1
0x425de231acd3bd847c53940fb3b65710cf4998e0,1
0xdc91fdbf1f8e5f470788cebac7e3b13dd63bd4bc,1
0x1a9c0a0be65db00766f0949211cce2c56d8caaf8,1
0xe6b7b24bdcbc933083f778c0fd12754bd881464a,1
0x000000a584697755a0378444f34fec06229b7e38,1
0x270f2f857e07a525055598d42c1c23a5caba4876,1
0xd8f637755cb81ef20d0b84f0cf4b9c85ea286500,1
0x0ac7fbd8180921c586b54d6c4d9f0a0d3e3a1140,1
0x9f744dc422fe55d7505f27b279699b33a3788c08,1
0x6a2a4e13630de620933b702290dfefebc30b1c21,1
0xb8343fac457b2ba68981839693e60249c79c70f8,1
0xa10c2769620c473cc0c1d434bf67b23c2ec1b679,1
0x6b6e5bdbe151a6adaa0e13193673a2388f250f49,1
0xf304c64ed2bd377b9ad6cceec58128e79528567e,1
0x4fc496a39317fd5f25763a5096a9df9eeac40fde,1
0x5d3815214b651fec95b0ec1327f0afcf724c5dc7,1
0xb19cb8bdd97f26dfb1c153c035bc58681e9f29f3,1
0xc3a10e4f68e142f27b9726e0f8199409ff09d456,1
0xbbaf97a21b53849876e568fb6b1a64a1da342cc7,1
0x130eaf5cbe7dbf3f61663a063dc27672603d3ee1,1
0xf56a7b522768fd921e10f0136d50fa112ee5aaf0,1
0x00000e0e2e6298505a639a340845f60a0eea8528,1
0x79a6144c95b84099d201f790494e03d3f2225d59,1
0x8fe069f561c9f7e0783f536df714dbacdc59c903,1
0x464b4b3f8af076fb888e21c85776eec558281334,1
0x4f1400172690be90a8cd14a1b7846ca8c16a45e1,1
0x7cda9e29479a0fa82d5b95985c78109d0340812d,1
0xacef2497247895def2133444a7595989feca3876,1
0x2f508d9679f21ec741f6e1ac1940a2327c09fdb7,1
0x1279c68640f95608a9eb53ca8ba046a0337353cb,1
0x14193d084a931f53aeae4fb7cb575809a8a235d4,1
0x4ab92afe984249fc4431937982ec47e1e442ea1d,1
0xd48f65db8a8ae979f5836c42a43645292553b40d,1
0xe57aabe16d73f5234a5560f6adc905c896c8e0f6,1
0xa61337b4a44867b64d29ba9dc0f5455e347b242c,1
0x38b623c235d1da0c54d5ff3462fdea44dcb0df9f,1
0x08729aa28f996f3ab4832bd5a10c7499e580ecec,1
0xdc4af1f0c8702b22280ed386cf36a833fb966367,1
0xe025ae8e7cfc74de962d565514a0ec3cfb9eda9e,1
0xe8dc376e6dc60bb7a684d136b2b22395802ec3c6,1
0xcc0055365e7008adbb941064ae99704e33bcae88,1
0x9d0da08d755822107676c7f6535e1be89aa9f5bc,1
0xaa1e77b982cbce1d109e9309aa120292b44eef0c,1
0x2ae36d6c227609601338c02bccb3091c2bee58e5,1
0xdc72ab6d572fa6c703a5d02b6c47f6c7d59bfe7e,1
0xded2842ee66edecfdcf9a6a84b16e3d1a40fb3f4,1
0x28b8a9ac47e3e43e3a0872028476ef898055871c,1
0xf9f5b3e819891cf27df7a008ba6318ff2c302e15,1
0x1cdcd0145d52233a6038478905532e996df8e120,1
0x3693668e97c55100fa8785e82e29a10e9d91fd05,1
0x60dc9173c9587eb3be1b05001d30d35942afd79a,1
0x5c5b1ca858b47f8f143a7057601cc5a54d65e6d2,1
0x910cf57ad87fb1af2de5a32f43001a198c7eb7d8,1
0x184928884bf892376ffd2ec0cb12bc1533bca767,1
0x9db99ad21ddc7db100ac1b33494198cd223c9469,1
0xf136f9f58852feb199745bef528fded0620a7cb3,1
0x6d58d4ee9547ab5ca680535409615f595b691003,1
0x2c6f9a0d6db19cded73e17e13389ffae588e3399,1
0xc98b6dd2d1197ea480f7f598cb3ba5dda04d2e86,1
0x303068cb328ccc694a48d1c30dff626335887457,1
0x99fe829b19d51c8a5744756d86a1fd2db4f2ac0f,1
0xfb922e57d42a14ea5e85965aca7397cebf0d1c0c,1
0x43a1aa93e959a19fe8137115fcd6281cb4cdda7d,1
0xd8cba2c75e07c7538a9bd29c6949b7f1f2085942,1
0xa019290a81f16d80201a971cc81c3716a29c5886,1
0x85dca23d6114710fcd7b3297fb11072b9561a06d,1
0x0063052772f10343cae16354f5c6b792c6f58cc5,1
0x75726a45b321d2ed589c6103b00e2d7bac15b5e6,1
0xfbe623c4b3bce015d78a8d9a86869e2b45e26e23,1
0x7ebaad92a073c606dc17fefc5eb08e06566a98f7,1
0x482bdaccf024b0acb7c8b410ee7f0a037efe5088,1
0x237c9cb241c350f2f03aae250949db9b03d3d109,1
0xd1e4615d8498fc55e21c6191582dc843d08f464f,1
0xf77378f08a0867c1310a3cf7a671957de7976d1a,1
0x61760e7fe6c2d40cddcb366f8d263bb250c1ff6f,1
0x1e5c959abe5d2c8064792ba693a9c4ecff66a547,1
0x977ac0e5a34219f667d07dfa9633cb89cfe215fc,1
0x7906294767204fbae92332a7c2401a723d361a6b,1
0x55657009004ddb5e40ccbfdfb2528c73780e5aae,1
0x70ac3341b8251e8ddb084e761114dad880be6ef8,1
0x9d12e9e24f14577317c7f21e990c45d304c0dd3a,1
0xbf951ec1814f77cc0304048a607f1f3b1eda854e,1
0x48bc9f838550656618b86054ecbc30fcd54c006d,1
0x11425ae97b83f9dbe682faf4f3679e08dc3fe42f,1
0xa946d7f287cb836eb7df3133bf7e0bb4096d1648,1
0x3f6e9dd958a00c3ebc6945ab3453b9eece52a8a3,1
0xed5e420d8999950ef75012d445ebd26e26e64a5f,1
0xe4321f0aa947479a2ad94dbff687a9c260c1a70f,1
0xe10cfb77c428adaceee605410cefa7c9b166c291,1
0x9a31ce9c36abe7b67faeb54e130163fed83fa6e1,1
0xd30c4bd0bfc18cd1b3b3664e638cf06223f1a0f1,1
0xdd441d8935685e22bcc044a3f98e06abfae79a81,1
0x797776a9a0f5d79c0ed1c1b2402bfd68dd14c322,1
0xd628045b1e010bb1365725b2ee0b8ee997664007,1
0xb9b00bf4129e36377193f6401b0563eac6ae3153,1
0x7a0044d9a5711df402bf49be80b7c9c9f9a5b3d1,1
0x8bf80cdc1b5008d1279e54b80fbc7e72b2cba87b,1
0x2067bf359d451955e18c8b2c1a3d94edd093f4f5,1
0x8d14509d87c0690ea62e383ef281294440e66c8e,1
0x66cff15313b5bee663d55cac96f45ac12afe9481,1
0x74654f9d6410209b8a897c4ea05b80bc593ecde3,1
0x2f53e355e794cef4ccbe562d4ae8c1fc2773a328,1
0xf5cc1ad7b3f8fea34dfcd60a6c9ba7466b9e1ca2,1
0xa9072b5eeac7ca478658d4203e17adadb33038cc,1
0x8987017a377549aea1c5b8ded4651821eae8710e,1
0x742105266e74e997aa7399b0a3cc81afd55bf747,1
0x80f6c4dcf6420eacd45ffe66b99ec6dcf7415e21,1
0x8fcbc537cf68074faf6139e2734438e14e7e882e,1
0xc7f783757a0dc344111ffc84620738f13510ed18,1
0xc4a4f89f27f4529133608cf172a8a8d08f11f982,1
0xeec060a925a927ddf83ff20826576b1ad7400fb0,1
0xc6258a14f4b57fc5f59703807c989c2d7fccf102,1
0xf968b1e4f9e508f511bcd10fc21ce17e9b3fbd46,1
0x87bb89f10dd62cde0ad4777448e995556860dc18,1
0x00000000e776088b650764b4e730498819fb5501,1
0x86dfb1cc3bd8df4791ac87de874de51a280661df,1
0xf8e9d2e97fa89fd21c03409262862edf0bb40c1f,1
0x4ea1e0fc816774a9db8579cc94a19c0ad558745d,1
0x5782e5dac8a7d850d5c96f714f25f608b281565f,1
0x591353c3348a0515a5c91f6c6af68fb73ab1b00a,1
0x557240c0c4056b76fe30b280154faddaa72bd71e,1
0xcf4914aa2dccad2b8581eeaf5db66ada8c86828a,1
0x9994b392045a1d2aef5e72d2ef70b0f61e3a2322,1
0xcee1c50600e044144ce824b73eb6d53e5131775f,1
0xa6178668fb55f9f9d20f6905045585d8959a6dfc,1
0xf19ed1793d2487a8abb10d147d01cc90f6490efd,1
0xfedf6ac3022bba3ab4fcdc973eaae88e9c757657,1
0xa6f6fe428c25a8441f836294c89bc6100c7a3262,1
0x74c78ad3397245b1f1b9b61ce9b7fe8d9ec7d6d3,1
0xebed44428958ed95fb1ee8f0c84f67fcf41ab123,1
0x61a0aa7d61f5b0cb5a93239bf2cac2c71639be9d,1
0xe70c7a433540b1b50fc5fe85d045d1cf827bc084,1
0xc3f5f0c67497c75b612ef0a79f43faf6166a8e7a,1
0x4c5afd022ff0c6cdefd0aa5ac51fd21684d2ff76,1
0x7e136fc04b10885e7067c9009f0236f8edd0035b,1
0x9174b298249dd747079f31484e469f010b4d6cd9,1
0xdf5580ed3d02f01528eac56a2047110c7de9e8d3,1
0x14dde83ba9f77e39c157f129b529d84cb04182aa,1
0x6a216edda2d855b2fe94187f0686c987cab993fc,1
0x8486bb636e71b548cd0a4792708e7957ddc89f4c,1
0xdbba8fbc007751bca53ab22dfa497612f69c28c5,1
0x547058fa2c17be928bfda16135c3685212a300df,1
0x8ee87a90968ee7d033ad7725516234522f54a998,1
0xe782b534e2b471bd94c731dfa0d30c60ba8a81cd,1
0x30d9bd05881e94297a3f114410d97063eca4d40d,1
0x8f0cdbdf035adccdea0ae4e5db2002d50478f632,1
0x964207df8c67132cb193050250e575acccf2c274,1
0x08929395f4a81c38b56581ea405bf5ae1146c6c7,1
0x43ad068c623c18af63fe392e27e153cdb4472c9c,1
0xbe63008882c760efee1088755d4484a48b485a58,1
0xb10dadb27dbe82d3339172375845bc93007b78ba,1
0x8a4c64c243dc2b73905e36778b36c8ab2791f826,1
0x2729964d2249d729c3c34c370c80a954bc0813d1,1
0x812ef545624dd93b2e7d0048f8bb4fb8e1ccd60c,1
0x98d474626305194981ae616413a725c84543a171,1
0x22f3185db0a560f9106d7c84d4a2ee0255a0aafd,1
0x20509d1e8ffbfb5f46e4cda45ff5dfa97ab939aa,1
0x07995495f3737b43e5f394d8edfbcbd9cf700166,1
0xdd3d9dd47179f007c9505d074ffa8f46f2dbfffc,1
0x3f197f099d7c3c026490309ab5382236a18339ef,1
0x2a8923f68a41f7fe51fc483ceb0a52dcf6f46f3d,1
0xfc9edcbdda7a046137a9be5b39f4dcf846645b12,1
0xa591d5a03b7ac63030ca01858a1b50804890a84c,1
0xe97f0deeb2925ba95a61ef8f35b0ae5958764726,1
0x29e2bea1cb750c595ff3f53624c938427851d2a9,1
0x2efb04b4c64d0adc86a7be539d461b7ccd4ece63,1
0x79bb8b05783b660f42a153de881d8ad7cad9dabb,1
0xc873427e794279f435f3527270e270e8ce0b1608,1
0x30fa6a97b07180c09e646071fe82436da9410782,1
0x313d51b2833b8f5d184b5d31650a6ab7fa9be009,1
0x6e3b1e812051e9c31795a88379cb837050be6787,1
0x31c87c12c47e8ba3a7ce8c5c37a5560dd4456a51,1
0x5a780948531578e39528904b56c3af5095437a0a,1
0xc978f2c609210e2d9681fd1a3dc01e2c5df7ce22,1
0xfaee8853a13e5c482b22bee4993560db73de6ebe,1
0x41819a8913d8aa197248b0aa569d629a5c4459c8,1
0xbe5061d52175f108551863c5483534ec149f8006,1
0xaa4271c3cc6f7bb6fe5e96b84352d510d79daded,1
0xd8a9f37d781b9a2552e55f33f986441d84cfffd0,1
0x4b182574e310858093d41eb6657a61da4960b84e,1
0x741deb06e541e51e709c4a7a91c3751d259ace85,1
0x1aa8c89e381b033112a9e7465c1052b8eb6aeaed,1
0xad037328c44eeb7a8d5aad04479bf9214a755677,1
0x7545d53b9ba8ee11b4fb0c313c0d08393624729c,1
0x38aa1e19ccf8e37ea019bbf450df2c15dbd0dda8,1
0x368fd714cbc129b2bdee649a8fd259657fc13fb0,1
0x501769ea932793b71bfe28111d6d219658783a09,1
0x69a00932349603af17990248c1d5c5a0aaaed619,1
0x00001bd815185c5adc3b58336d4dc36f00e24052,1
0x3fad26934f2448ae23c98454935db75f00cfbac2,1
0x4d02af17a29cda77416a1f60eae9092bb6d9c026,1
0x49f3f8828c90ace2df504014132cc24c5bae8d23,1
0xf08bca7ffc99fcdedf97814243564a6c4d7ce56d,1
0x124a82ef36b67610e94bb7088fe8b1d754de582f,1
0xdac7a78e8b433af932df517830202dff6ee97b97,1
0xf22a22ebc09e6f746095f9e9527fb9008144d388,1
0xfc9d7069bfcaf639d0fe2d47c854a5fcdcf7e5f8,1
0x74c4df5ba7ea2e1ea80c89c2f074ac0b9a852273,1
0x4903b8db276ac495e0f82e0e3d1e7c5ae243f92d,1
0xf74c185c74fe1e4cbb72a12f5d3ce614b16e0810,1
0xddcb02cc44ad70ed954b20e90a3da1df6be3a234,1
0xe3b474ea507924e8858e9b6eca19e5e5374d3825,1
0xcb08f7bb973455466369f0a3a2653b7d9e903c0e,1
0x4d468babffcef0c72375fc946140c444c53c88e7,1
0x2c722a1f2f78105dbd5523292b735242bd90b8ed,1
0xf7ac0c40d8de045670eab6e48fb2cd97c800971b,1
0x876d9a3c6b99974cf5d94ab4831b8eec5b54069e,1
0x8434885f21359ddfb0c96861bfae0e8b9e8075b9,1
0x533ef16ccd3803dff50f7c3e46dee2fae80d386f,1
0x6de674b16fb965af7c826644326f67d732d7ddf4,1
0x69ef13d4e12fa846f8e626e779ca2d77d6a1f6e6,1
0x7819ccb0c63b557649dd5af358fbb210edd534c3,1
0x99a6b6b391d47ec7f4500d7b604d20b14d001e58,1
0xdaec9e2585ebf6d1eb47f6b27547ce680c0b748a,1
0x200aa8f3ac3dded76ad89d3cc4789a8ff26586e2,1
0x3882f4a33d0e15283a99aa78c52a2f4b61f34d5a,1
0xdc3d86c82846b5b5b5e2960ac15633195b609a39,1
0xbeaa04d443c912746f38d802a605c9886abc9185,1
0x74e5b751a37f7102c654bef1b8491edcd4988e09,1
0xf07cea8a16b442a1b9fe7fae1e153fa473f2d355,1
0x43d3b13033da6a65024056eaf1746a620f1ef139,1
0xfeb6ef8e5e2b81072fd1ed14dd7922ca9ccf059c,1
0x552fee59e71b36578befcfd6093acd58014338c9,1
0x4a4e38de548f3bc69cddb003e5c42c6bca147539,1
0xc6e29221898fb5a07d52bfbbfdf8bb66cd181055,1
0xe3b43b615500ad2ad63a3b21c9e649b4e2d81fd1,1
0x0772f0ad91f024031769ef0338316f7ee8b86f0f,1
0x75e7f686abcd5646e8813b06f5c0c9fafe2532db,1
0x19fd98b6c22e207780bfb392c7d1caf9e4e3d0ad,1
0xe4514a65c70d5f394163010e20abf2cf2b17b9a0,1
0x2ade1d0828107682f4e60f466840e188b56ec826,1
0x777a1bf5d9588d075fb24300380892d2db42456c,1
0xfeaf4d89d08793c971e7eac5b6d5f64c224365b6,1
0x13f835b6b760c3254f3b55def9f54f96c6adf1ba,1
0x950c49f8ee25324039d49c4cd202d87c6f030033,1
0xd4e6566d0ea6ac0930dcd89d7fc710ce75fb1fd0,1
0x3d3303b1ad80a4eb1abb2ec2bdd7948b4e01e8b9,1
0xb89b5e82750ee9163f93d4d74dd714849edf43bd,1
0x05c7ab3b5657431b785b027787ea3970dab82abc,1
0xfd7550e191093c6d5f5ed88592c2abd95fa38ac4,1
0x4725363afe062ba51954991846d940803b44c0ba,1
0xa84dfde4686f16ab8c3b0c9e4e60554d26506530,1
0xf5640acf55e39da9c0dd670d7a5a5ac3815ffa55,1
0x6420bf8880248db4cb5cb7110a8d27ca93d15941,1
0xf53ad7ce084a68983b84f20b6f360c5ffc2dcbad,1
0x744999ad49421aa15d18b55ffdcc7c566c9055c0,1
0xa55a7ce797a02e0f9f4f935f87af887bd25b890f,1
0x37f9ceb769686a431f6824fc961032d28517d980,1
0xe489306e4330ae58de8abfe8a3e3287d071ae2ff,1
0x2d2f3d333251d5623933d9b067077b8582b38952,1
0x56056750ba3a3e94de483593b48e40a3702664ea,1
0x96d1f2fd48a745cbf6356810c123038c64c496f3,1
0x02cefbda1c0c66a0c9ee12479d5e344c26334672,1
0x7cb9ee54e14d72784ffce7a78d5631a7afebcd15,1
0x1222c30b30b5169fee9706cd30c407d41d49ab9d,1
0x15f87e0a7dedc5e33d11bd58dd7cdc2a430e7657,1
0x88acd58b59d1d1fca74dcd5daadbd6df3827f999,1
0x9d65fb1fc3cf0e5098f78bfd6f24f6aa10209f1d,1
0xae415875dd6b09756d4786f4c93510a0cc5b8db9,1
0x77393aeafc6dfb490d2659cdfc1a22609499d92f,1
0xade276c44d499b1c36ccd8e656364337b1e2a712,1
0x659da1f3ceb96aaf69ed58ffbd59d7646703119d,1
0xd36e679f67fd58f9f2514237504807d47c21286a,1
0xfa8d154d2c2f28caa1c59b673aec0ac55ed037fc,1
0x4113189864b3ef49d89554fa0f98a5b5e2ac0cfe,1
0x13f54f73474ee7ba8f9c34aa3bda3f8dcebcc9d8,1
0x1b21da4183634f446976b8f6c6b22f44f3572466,1
0x4ae9ef198a62dda4c9b25a46a076357ee2fdc4d3,1
0xaccf3b37e688c5982f267f6f66e3beea87486425,1
0x9b0e826baa5e93c7eb3057098ea968785551c38f,1
0xa47a1d20b091c2ec1a0fca2e302cd5790221839b,1
0xfaad44907f6c6f8b67c200192781c268703b8e9e,1
0x18157a1eacee271964e931a6d57788af14a9a6a8,1
0xc4edccfe7eecab346aa9c8a3843edde74fb66538,1
0x3e8194b7f3eda25b92bcb453d41d2aec58f8881b,1
0xb7e1d94c4070561dd67ecefcf8621ec5904c226b,1
0x970fbe98dd09884940cd8c9cffe54f649863dd82,1
0x35b3f048f6c9dd8ffb84ac34d5e73c66b2a8c592,1
0x818ace6bb9ab152470890bf8e60210842fe78db0,1
0x644e00ddac2248749af13b22f3d91df27017d781,1
0xcbea1a8ba7823cdec6920fe2f0cb4ed2bf64764c,1
0xbbc3cf45ee4a5349cb86124f937e8a2b7f82fff2,1
0xb4eacf57fe639bdae0103bb0a61e60b5ae3e9aeb,1
0x5e97034b9ed6ecfc200120a7c425c95ac5000e8d,1
0x73ff19d750fa7cb1ebe49f89c642b81cf498bfdf,1
0xc9f2ec0ceb88c80b1cc913c1d3b01ddf9eef50e2,1
0x350a0d14133bbf54de414a4f874f50c83f9bf77a,1
0x0132a3087def8f8e8addc7d8a96cd349a92016e8,1
0xfb696918125dc790cd7fab4985fb4e275444e88a,1
0x40656605ba8247cd672473ddf121a4bb9b1fdc00,1
0xecc21d79646c0bd2fcba4e0d6c484cd8cca5f30e,1
0xfe14e258a9a28e9d76f5394ff5f074343265a2ad,1
0x97c7f6deaa4d30ac237585447d3c196ae6661c87,1
0x95c3c6d13ededcecbe5424c85f2f51c11c69baf4,1
0x8b589b224ee830d677c3b2af5f1fb2374b24f182,1
0x322104f68dd41b6006deb2aeacfc9065a23d1d62,1
0x73ff19d750fa7cb1ebe49f89c642b81cf498bfdf,1
0xb51ef4e97a2aa7a3dd37f207c46dbddb428991cd,1
0x15a88b427dc2ed3ee61998c9e4d1d4ee2bfd5103,1
0x42b95a2f52133ae09f4be1a138a62700e89fe65f,1
0x1e3cfee7b721e17b057e93d2e4af33723818f766,1
0xe917cd038853351e196107b791ccb7dced6d4806,1
0xf4dc133a7e6dec05344162b43ee212f76c146776,1
0xd111c1f86de8c17aeb01500b57d9fbf4aba6bae0,1
0xad843946683f50b10eed3d8091a8b2052dd68b1c,1
0xebedafa18db3ddede592ed8e5dc648f9dde72f8d,1
0xdd528d2b17840a00a516961df5caf44ced94fabe,1
0xa3160150c41f069023e5678c3514a031c9024c26,1
0xebb8fc3606197f2f5f6065e363c483f0e122e756,1
0xaa1c9802f347046cd883795a1fa29a118c9eef24,1
0x2843345cab92696fc7c9212dd4b70983488044bf,1
0x7855105d1da8c261e39d200c56402bf251e46c73,1
0x8685c55f59314891aea8d3c8b1d630dd6818c6eb,1
0xccba1a8b7d9b8bfaa3ccdcee75b58588de4455e8,1
0xeb2e886d6f5c8fe3241fa1abdb2167fa0afdb659,1
0x3787a8e662d9904aec1fc35463c271a900aede5d,1
0x4e5faf22ccbc62d9d521f010a2a4f41fcb7b6cd0,1
0x8a5ed7041bcb06b0b2c07d07c98eafc9cc12bf90,1
0xa687153672324330865eaedac197c4e7a2ec24fd,1
0x3e2613097cf934f39d7c0954cc3929a5fa3f9fe5,1
0xcd0bce8e81e89b661eaafd3acf3202cb3adceb5a,1
0xa44b12b52e4b6dd4f7c1d297b0804f719a48e1c4,1
0x17f1ab3be940e1cdde69cb7c97cdc4f6124fbf5f,1
0x4b1f6c852aa6146bdedeb0bc96006cd327dc4858,1
0x3dd13d532173b8039403104ffb0c79e9bd32131a,1
0x03acddcc3a5f513df9cddf1ba9b84d138a5bcf58,1
0xd281ac3a656a9bfed37202ec459a8dd9d5959dc6,1
0xc272f976e3343f8b75d111321795cfe7812dd37e,1
0xe03f628476509606111d7995dd2242534585e5ff,1
0x9988c09347a38df999d8c7570697e3a8d97ef06d,1
0x5d751aa2c6c55ad3a0d262ab531e2ab5bce4990a,1
0xcafaf66a3299aca892150052ea100a6eb9103385,1
0x193486dc877803c15f1be888f1676ea435eae0cc,1
0xb2d46ac3896c9d86c02d52ad403984444cee3d19,1
0x3512ad0989f05d1ce12e874aacd57351f06121fc,1
0xeb88b2955842f38d5443418ab0be1b59b01dea84,1
0xc805ce06589f6aaf336906f14e70af4e54c19fc6,1
0x043dc95cc693b85e8d362bf5fc1f5a2608b44ef5,1
0x92e7e398141cc7ebd6f30de7de79a7028baa3982,1
0x7aaae09cd73b63bf4fc59ae9a1b808647c011319,1
0xb566d2508d1871e4539abdd6ad71557e14dfef6d,1
0xb26aed96bfeeaf5923b54b3bc95edd7e39b38722,1
0x0b2829c661113d2ac83727615d2be9d43b081dc2,1
0xdb745bdfd8e86e5f6d725867970ab1e9c2d46278,1
0x1bbae0f513fb6f1dcb4082696b99d50038923dad,1
0xaaf9e357d9d975130bfe52f82c323700185403c0,1
0x36b829e06a6b7fcfb402c2d7a269c1e64dbf77ad,1
0x187c3f13107d1d2ffe81dd0aed9cee27f163aa80,1
0xa4d650a2cb50a8b51ffffcf51d4fca58ec662cec,1
0x7d9eeb6883b3f649bf17beb4bb108c578a65bcca,1
0xf7c4636b82656d9cd473f4e30ee9c14ddff79643,1
0x5d39f7c07757a510ff1b4587a1d61f646f6d43c5,1
0x2d9adf225f707119cf74565c9f0715f0c37374ef,1
0x08ff5a8723e9e8b811ce980f39bc8d9f59e0056a,1
0xfdf13576d654c42135b8ff3aa1cb47b1bd6fb2c4,1
0x332c95edfbe02d7655e9f5d9d349f41468c867fe,1
0xccb2c489cfb25b57614459f3b8f66b41cbbf3b33,1
0xf9a998e367529f6fc8505ea9496af32b9f5e557b,1
0xe863f0595561d4f603012b741cca33e386ec4050,1
0x192764038e4aefd69536414e105002ee43ab5d46,1
0xecd58b53242ef8ed2459b84925e495557dd9183f,1
0xab60aae7d5333be47067730c81ab54e3225f5851,1
0x8450323faca077ea6f8f3fa7f8ecf85f2f00823f,1
0x035dd5668d8a718af300a93ca72ac5fd63a4e5bb,1
0x21c771674980bdc86ea8bd638d54411f337dc3e1,1
0xe3af4a290c0f9908c2a0f1d5117bb62a8a937df9,1
0xb90af4b7ba31f77e77935d76759000693b1f1fdb,1
0x326c212b45626c38e8acd993520db5d5c35b041b,1
0xc180603a861f72ffcdb44691615a96c91380737d,1
0x00d01baf2555784bf9ae77fc9e1c9cd7e299241d,1
0x58b72956e4de9e243c22f736196c1820724f0904,1
0x7086918cd79db480ceef0eb473c4290936ea40ec,1
0x8e81c0c3853470bbdce2127de7d48e66409a75fa,1
0x9d51b4387286b3ba6cea78950a276d2b04b13e07,1
0x4d9e8ab202fafd8034bd9782763a21100af94ffb,1
0xcb72bd4d672a280d073336243541e7779b26785c,1
0x4fac36db18a86dd8b17c5306e319fa608b270b58,1
0x256f2bcdb46576ee144f9506e71b7a9ed7dd19ec,1
0xda3c596ea86a9ee9d484a352fe29b3e17b9ff11f,1
0xf13bfb9ee974e11fa1daaad669eb18c7949ff208,1
0xd119cfef25c1e1f9ce337055a055a70693c7345b,1
0xa0b0781c9b6afd38297db56c996478f3433e39e2,1
0x8a9a233ae0aea04f89d87836e9cf2d46aa2e72be,1
0xee891ca02f108cf5b778c4c82bb74e3c8b0271a9,1
0x5abc4eec5c05ca14951fd7de2e85a4eb3af5d4af,1
0xe5380c03c4e21c146aaba503b2df237a15bcd4b2,1
0xd4b3de172d33bac27219ef7c75b5628ba9f3bc79,1
0xd89d7a23b9cef77df4ed358cf20e270b948983de,1
0x97ed9eb4cba036bec5a18259506d05f784e89ae8,1
0x44f863829ac3ce8648556dac872d8b9bc7609c2f,1
0x87afb2b8b18c4e72d649b38cd4e667678a7eca35,1
0x68c1c480fd0d557b4ebd4fe1e8d4a376a1b6e7fe,1
0xb2d104aa409e6e764a225a893712930a91593028,1
0xc6e330e8c09cb8192cc72f7b0b49c7b38ef2efa2,1
0x93b5caceafa4d91a1b3b0a72d81811f63d7875e1,1
0x1088771167254167dc0628652ee3a046828f96dd,1
0x847d097ba5c99156a235c2f9eef2e1648d23c355,1
0x4548c3c7bbcef22e609a0b39f66cc76e2f550ec6,1
0xf71edd300cf317cea446f77d580b7e25bd7d71f8,1
0xad97505ebbced4b59ef65663fe29c54f00316c7d,1
0x1be88bcf3b74048578d5e9f3cd9d36398b9cdf87,1
0x3de3c69e286bf5f5b43dfcabfb8921b6295c02e9,1
0xa66847588a02baded7d282ad0a92affed1839be2,1
0x52334c23539324428a60bcf10ddcde1f77140588,1
0x14c6a3fb0fa46a43d01dc7426d7c27cf8c71c10a,1
0x00fb7d036827cee52063fdb1ad91ce27996a4f50,1
0xb1c70e6006228bd3a1d687d9d31bf0578c9a16b9,1
0xcf55d9b5550e2451059bbbf37c80ad98a78ac137,1
0x000c53d649dce42e69c27167b72d5e0c65b5d9c1,1
0xccaf3a28110702a215384cb6d07f5ca728476eaf,1
0xcb60ce5cbd309382080bfefb08d262678f4cd360,1
0x02ba90b366ba0680cc36db9ee7705fe063a35986,1
0x6c4d082e158120d688a140ba6c1bedc27eb3a0f4,1
0x1c7a46b0f34cf7a84c2d42bc32fed554a8b4937b,1
0x72c3e4e7dca835240d9052c345659306cc9c0c3d,1
0xfdd5aaeb514f2d22cfd1ac8ba285ed5b2a85cb0b,1
0x0dbf83102d2edb0f6177579342d24585ba9311c2,1
0xe699aa340946e7809264f58a0afb4ba281e46d86,1
0x7dfde5f0cd512c2902c78d388065b0a3157e2266,1
0xad8581591c49b05704edf6206789ebd9aaac9f8b,1
0xca03640be3598995fe6cf9a6d6ba6f3a9dd1400c,1
0x5d62dae93fc8dcf5d87b67e185ad5e458ab4b824,1
0x3bbea3b7d5f9166e0b0d65b2266963ac3887fc0d,1
0x7b18575f50be288f7f23793edb2ef8725c4f7135,1
0x7c9d34f49a1443f57562f0e3f1d13c056f4713c5,1
0x1f2e1bece0b545758a2a3ce1a6a34452e7839ca3,1
0x800f6001ed9f177f6842cfdba473b0cfaca9f18a,1
0xdd8748f855d9e0d9607fbb9d3bcb8fbdb4f9e2a9,1
0xa46d623835478915415a79e3f691228a5974a975,1
0x96537a0f15bbbd022a74bacfe5961da0eea03d29,1
0x2ba582cdbfffb09d2d10477925ff6019b4113ca7,1
0x84e272787462ca06f561278a9b309b1d128e3ced,1
0xc1393866edc1201121e3c786f238bfdebd179562,1
0x773b1acc268f8a0c6076752fcc042bab87597718,1
0xa45125f0e9d8a15e6f9135918d3627715735a8b5,1
0x2d6a461dc13bc199d0985daf34acd9a67adc85d9,1
0xd97df01183e130c17ec519794c6858764b4527cf,1
0x3288ab665ff00b01a341c830b852803c31f31d5b,1
0x1d9bcc08160b5d4136b0c8d699c3777c957d81c0,1
0x90c8031397a7be683fc962ce973c6848c069099f,1
0x059a89fb0eb10414ba17dabaa2b1e8f2bac88991,1
0xc05cc603bc49e772b23d1fb5ce1064d54df7ff72,1
0x5188c87896d52a6da0abe53fe75013ec9e64078f,1
0xdb919f837ca81e6c4581c159b3565c7f376f871e,1
0xaeb715a86fc3991a3e60900f846614b6ad095ff5,1
0x1bcca2ca554d3c31bda79ec239b2d615bb8bd209,1
0x0335926e542bd2f9a2e2ab4ce9b8d990e47bc147,1
0x970f12ff3367defacc492ec666f9aac23d9b9abb,1
0xa879b5dc21d6fc8f02628f0711b23d4eceb443b9,1
0x1229c385cdd48221a9bd3658447d6387a6ac695d,1
0x58f0978782f41eafdaa7cd4789bc39710142c9d5,1
0x543c00ad88c82255a943998f8104ea0eed47aa9d,1
0x08b705b71c88fd4e2ef3787e52a580ae5aaa87c0,1
0xf1f91f1330150315bdd51bffb3a556bfc03d3082,1
0x7b337d126d631c9a6d510a408e65920ab8d0aa86,1
0x3f121f0b5d164a70d7fcff358e827a9363ab0519,1
0xf5f0320e92921515613b7d8e1c249dfe7a53f569,1
0x5b8f04ec266553a40b8b4c6eaf106e15bc1c682c,1
0xcb25d50bea3fcb75d2c91c7eae16a08ccee35749,1
0x595cfcb317c731f82f29c58a80485b777dd08ed4,1
0x2a8a43b8f1f34718df1d0d13f72ad32581f2bab9,1
0xc2f9a13a92e5cb8215dcff4d38e3d549e463b16f,1
0x6e0fcf42fd1b6313953cbcc99b20c73d8e41d02c,1
0x729ba6b4412443af740290af753fb69f1c27db29,1
0x2aedb37504f77e189d77bcfffe3c837379c506f3,1
0xa1c06499d466bc444bb45af02d5532f373bff4fe,1
0x92a3808cac59992eedc3fe87b94da7bb288d6285,1
0x8d55df8f366f0a8ff8f56e1a7fd5f3c28e01f436,1
0xf8c9184bee567c235c220e883837c92b3cace488,1
0xc68e23ddec7bf88e7f22e052e6f456617753da2e,1
0x8c7df6054c2e0eb3ab35e1064500ec1812930200,1
0x4c25fb4b9f3ae5240e58fe8a3edb07f7a66aff02,1
0xfc3c787fc5a58a9a02077ca5cd6900e2fda0c94d,1
0xa04f756ed8ba484a4519d49c1961ed0a65c5e5d3,1
0x14076a2408a47228930b0802ecff237aaccfdda9,1
0x36e3258dc9759899201a2349b1eb0e3ed9855d24,1
0xcac45fb29b1ecfcb80bcc2b97f7a7f8c90f4c1c1,1
0x92e315429c26ace6cc6ac8c9b71379110eda960a,1
0xc0d07138e9a56b0b37e98907e39732e7eb6f6b69,1
0x750b8810270a8363565ec37ad8366d5fbbfb3736,1
0x2bcd951240f053acd007742399f76fec8fb163d2,1
0x2b394a878cba7626adfe69ccc5fd52cebb31fb16,1
0xcf1d38433e1e1e835590618af19f8cad3eec8f69,1
0xcaeb672f845054045fe37a24059b663108000d96,1
0x8e5729e8a3aff49fcf5fc889d0943d38e3691070,1
0x2096d113362ab01e10b85eb87aa01eddc3aa1301,1
0x66962473d9eeea760de3cb5b534a6fc282aabe32,1
0x724af1792d5bf8b5a40e74995609d8b50ac83282,1
0x2ccbddf610dace745f5952bd7262b1853f1c5573,1
0xb7ec69d470a49c518fc22d6fffdde604d2acbcd3,1
0x643ef45de2f4b6dd592942af150a5bc9ac70168f,1
0x54852a6d9585266ade94c46da26417b31eba4b11,1
0xfd1299d967ea45c290bb7af2eb0a4d8300c44a31,1
0x8617bac3898bb20a7d140eb05afed0871debcc48,1
0x1e5e9e4eed414113674985cdafa8f9bc13747ce1,1
0x4d35c6f6469d7178c5e3b0626ba3e3c09023b2a5,1
0xa31178c62d85f8de8d420e0b9e06539e2fa3a7e2,1
0x324fc0778119168634f93e099382581720219271,1
0xa2d1589a43d454c672fe62bfc9f741fcc777f1d8,1
0xe16b5c27d43a3a8d0ef70e3ee69919fc8c486bc2,1
0x551ac19884647e786aa34a5d843b72674dd2e4b0,1
0x5bdbad2a986c5b959d7d10ebd9a4b2c4ffde9e4e,1
0x480867782d58b5fb815d9c3edc0562f8daae6805,1
0x7c0df2f4d28d3ce61bfb90a7759fa3e420b3cc48,1
0x351775b629060e2b13eaa3be5c20a8f04b6330bc,1
0xc95cf68f5dc761f50211b0ece9e11d9646ef38fc,1
0x0808bec07fdf2e3471ec0c268b5c751689e7f75d,1
0xfe1ce87169bdbab3633b7b0555309c643759e384,1
0xdba5f5d4b3fe8c73e9f9cc43d46867b2cf191d54,1
0x4c615ada1200e54ea81a4a85f263f1c94be73dad,1
0x5b218d0d70737c7b235f8aab5366a1cd7e0e9d54,1
0xda33b6304742cf97665e70737149f468c8c3f379,1
0xa54f7c33a544f8ed7ba2c54f4d53c60707c14f0a,1
0xf0b5b520f9d67bfa65bc48ea93473ee974553b06,1
0xe5e09a912d7e27f5404a4fe6b1b8a6103e3ac4c2,1
0x0000007c60fab7a70c2ae0ebe437f3726b05e7eb,1
0x48a483e6ef15f4c6b69c091fa59c5bfed0ca5852,1
0x5036920e98e206d4ccd062661eecc1e836466b03,1
0xa3056e5cc6e65333afa329a79238c77765dbc7d7,1
0x6adbdb03e0eaf3c409a408260a9dc6bf42297a46,1
0x000003d7424c35a79704c3bba5b9825d8533228e,1
0xe46e02b320f5964e110b35bf39a6773af49243dc,1
0xda3d7dbb9fe32ed3b4455ba0507b9c66b4607710,1
0xa420bfd34fc9dd3964e48a00ea75172a875c6889,1
0x2d36d2658b46c509ecc9bb68d7844bb3ef9d337a,1
0x98e3a1fccf50513500a6d365cc01f72f2827f51d,1
0x06d54a71564b782b950b6d60eb5ddc76585c75c8,1
0xb89ed55355ce3bbd824258983b22446405e67fa1,1
0x1e3e0924a23ccad761dcfc321800ac190e92b2b8,1
0x0000007c60fab7a70c2ae0ebe437f3726b05e7eb,1
0x27f4b8e27a1ce153047d5d79f48440acfc89358e,1
0x8b38b3c4910708da727c4499866bbe0b0902e452,1
0xb396b061a09706f7c5f1b02e3140c5f5f06b7bb5,1
0x868ebd386a8c75d6178006dd76e838496be4af76,1
0x1392f811d32447cd0b235301e866950e54d54a6a,1
0x4e6ca782368e904012a060179e95f33e2cd7347d,1
0xbde4aa4dd5d3d54c6189bac2433bc11698e500ea,1
0x22b3e2bc65f55970eee675b42598e9c83c532b6d,1
0x7dd37f21a84e81f77a61f0ff6fd4d9bd83680e19,1
0x909e8c76257eecc485f9cfaec500a0b1eaa580d9,1
0xd6e3d595fd78fccd8e52e7782add2ce91a264a72,1
0xe7c699e44274ffa6b8acc4eca30331b98840ccbd,1
0xb9040b566c5b87e34fe876bab08e3a211578b7b8,1
0x03068eb4286521b79e346a3fd4ecb9c12cc95bfb,1
0xc211cab9073de07b8c547529df82a889b4764cda,1
0xc0d535baca891e9104ac3bafb6d039c4dae2c995,1
0x1ac40fcc665b5461b7f0c4123cfa0239f1e18752,1
0x478eb2b4d237058c0f4f2b3b6863750e26aae07d,1
0x66463e6e3a6da8505ca93566757c93c1eb8e10fa,1
0x785937a35426a0a4a26fe26a8233f20f50aa21b3,1
0xfec5d92201462d009666632dfa46bf4a35765eaf,1
0xabdee4c527328d62dbddd14a253d9a57d01000d5,1
0xa580f5aaf77090eb959b6f4814e2de359e484fd7,1
0x2e3a1d2cce3618f276cf6e5e3e8f2b3a81fcea7c,1
0x38b8c45f2f90fcf26eeebcee0ed15307e2c94246,1
0x1596e4245e9170fe0f7012ebf1bc2f45fbe0f793,1
0x201244113a577eb4b4d5b93870347191ec04f9a1,1
0x59c238a71cbb455d1766f43fc38055977e7e73d1,1
0x868c218c46db69a34eb0610e135a1057f908a26e,1
0x5a0e8e6d76cc3788f2f8bed0c93c5f1f5a4b3e78,1
0xc321f8c1cd2056ebf8cd50a95f555152f8d99953,1
0xa6d31551e1459df688b9b9c8eb582e566cee2e18,1
0x331b9318f9127fd2b84d168b443d6ac37bcf9f43,1
0x48aea7c14085364533abc35256df78d7cb1793a8,1
0x4fffc65b716015dd64d5ff2cb6cadaa0d74cc118,1
0x51d876ce38552d15a6744ac09cbc5de32af96faa,1
0x0690452c77f1e36fb3b866098612542d8311e48e,1
0xfff766047a983e49917a985f85837d9f8ddc4808,1
0x9521012db7b9be8ae24d6c6561a73e56b6e92b8c,1
0x59866cb26e561472596d37704e8547c79f14b2de,1
0x6ef9e009095ac2fbaabc53183a978141e284c3bd,1
0xcc9a4b06ba55e7a081ee813baa497f460e73a816,1
0xe88bdb9682d7903d9b88da9b160920b3402a60fb,1
0x98e4d080339ef27680b5e0c50c7fb4dbc1a53bb8,1
0x0ae81f522137eea28a059774d467cf9e821decbb,1
0xd635ca708649774041c1a277c6ca00e796c4d996,1
0x351a1451732239c614069447f3e4d2fca19dca26,1
0x0ae81f522137eea28a059774d467cf9e821decbb,1
0xad7873d553a4f3d484511b2b931e606e96dada9c,1
0xbfdd7018c0da24740806d2ead32fe8f7155bf0ea,1
0xa9cad9e3cc3d653d3aed71bd07ca644fe2174edf,1
0x88573f3ff9e2ab28d2747434800b8121cd847238,1
0x39c498ad6921363f151cda839ba10656cd350584,1
0x9a3a6254130b0642bc939b0a0c12e37fcf084602,1
0xbf5948139fb690ce88cf920e7369f98704fc9955,1
0xab19f0e8f9bf6099a3961b99597a90e5eee76605,1
0xf0b39de459ba00c3aa3a96976124c948c7de6c8e,1
0x85f8e5c8436c27ea2927edf6d7d29d6b5e4e7c35,1
0x2c4c7edcba87bbf1d52eda02d573a90b29100c2b,1
0x43f3012e7989541ef583821e50544e4f86fe22d9,1
0x092b7935bc947ce5898bc0162b949de375e368d3,1
0xc0ec061ce4a38bd36cba394752fd68ede5e27e3c,1
0x948254f31f4bc6d4c38b772ecfef05474cf134c3,1
0xd5af36114fc52e9ebf07b68c12d07f1147395cee,1
0x8033f8628be2f688399eed64a6cd8d127e96693a,1
0x750b8810270a8363565ec37ad8366d5fbbfb3736,1
0xb47520aea870c3fb9715c15fdf255c435f08c6c9,1
0xfcb19fb84bef2cff8de2c32620b463c1e3b632bf,1
0x220ef734f1d8ba622ac4d6b06c010600b87c3e87,1
0xe621fd067ef1154b7035896be20ae2857eea5ddf,1
0xcbe00234f152720663c6bddeb19b85c5fd8ed19d,1
0x09e9d2106b37e650baef65db7087aa2d8202ff7c,1
0x647db63fd123808d7d1a3e7d2894cace3abd98d4,1
0x0d3f929758e39a32a9f1de7cd5aa714dee9da08d,1
0x40b3855aaecbcc54cba5ba50b1defc08e6d1cb13,1
0xa4ad3e1772706ef74a9781d0f48fec8bbf93bd33,1
0xc7de154b678fe4bae8a6cab7fe289e7daab35e78,1
0x2eb27f608521009f9663904dbf002d93cfbb5957,1
0xc7de154b678fe4bae8a6cab7fe289e7daab35e78,1
0x0802f46aaae403dced203cf2ebc8db0feee9ae12,1
0xc7de154b678fe4bae8a6cab7fe289e7daab35e78,1
0xe582b2f0e2dd5b4cd9adae496c3f5b3eb702c259,1
0xc7de154b678fe4bae8a6cab7fe289e7daab35e78,1
0x60c9b0055fce7ee2d32ca6d233ddef5ad1fd0034,1
0x7d86084fe33f452fd5202536a879600fb350c6d3,1
0xd119cfef25c1e1f9ce337055a055a70693c7345b,1
0x686943d5ea44d53a5326b42d706dea6dac7e73e9,1
0x8b0865ee38cce87b581606c449e955c0692f65f2,1
0x98c0e038cd51ad461795fbc095bfc85ac8c36e1b,1
0x4956bf53eb71658c5d829f24769d709fdb08d6b1,1
0x3d2d3b346bc68d3c55f3706a6b82a87b7353cab4,1
0x79d459c0648024a35b6d22ced93ee70e96abf245,1
0x2534ae50f81f8efe3d013c1036f357dff168b4bf,1
0xfb3ced44b94c012cd52f783e2b37ca9f3a994b0a,1
0xc474acdb95d04f3e24ac15fde976881e01e642fb,1
0x57e528661ca3fe5fbd05851899accca1803b1fd1,1
0xe2276bab4a1ccb50c9fdf84f6befda81327a5965,1
0x7d9443df1acfb1e9b03ce0c647e3c29d1579f892,1
0x1855b849e7d23943f7975ef6d2866871e3983bc3,1
0xec06fa5d229b4e7923d2b99d5cc713edc2d5fa97,1
0x459431b3017ba7a8f5e634725a7282ccfb10db79,1
0xc48b36956272295f3cd12c5c9dab07da92083f93,1
0x1ef9a28c2f33b8297a5a687e49f3feaf14c8a461,1
0x4f3a20ae79240d719032043ebbb33016881d6428,1
0x5c0bb0160b6c7ed70bf5a1cff315dfb7d42afc0a,1
0xd8d86ff6becc9f16e845399f24647e991fe2a91a,1
0xe64f3dcc6979850f51a8c7cd090bc231648376af,1
0x75d24fd5350e469d4644826a4fc2421486b0b606,1
0x45b41c3427643018985eb96b1d3b6903338aaa92,1
0x10c5a83945e570f05989b093d8211378660bd9cf,1
0x7b284248c00b9ebe72f82a6d3a3b11915d5bac59,1
0xfb32ddd6504db569d9a1261e848ac6c520d41888,1
0x6f06959ff5dcb1e166c6fc6ae16243cf14fd397c,1
0xd12886c92ab03665d4c66145290d9b4e336a8253,1
0x0e8b9bc69f7c21ddc3e1aee06fe939a9c6b0326a,1
0x261d7081a2ebe7737ae60db5fbefff192597aa40,1
0x67c14c67444f6164ce26b417d64d68566fe16e9a,1
0xee647804f0d9d6bb22cd31e1dc241387b9a57010,1
0x8032bda681b6a24b79f7f320dd964fe21285b598,1
0x2cc1af32783ec7dee919905d3accd5c215027d65,1
0x1f886bb69e3ba6160d446577c5271fd57526f599,1
0xf13a1b27afbe9ff63d037b96c6295ea1507a0baa,1
0x3dfa6563708315fca04cef8f34727ca3bd3cfae4,1
0x67aeae1def34acd37a785949edcb61b745491467,1
0xf0b771a61686765da191f1a9d87a1741477362b3,1
0xf57d819194e4d24839f8c9bba4e04b8645571e07,1
0x555d9c39fb682a0b6d336263ddfd25080efdfce4,1
0x536add44676ccb599796dfdfc570da9f6d37537a,1
0x83970eead2e0387b839f582e851da525bca7566b,1
0x9e17dd992058b0c1f636abd370168629bb3e95d3,1
0x3088a36762266bd7887076083a1fd1d9bbd2e0b9,1
0x05dc3737bcef4942eee323fe91d38a536e071122,1
0xe2205f0366d2a5399d59b751608822ee41320210,1
0xdc61e40043f76bd4d6a632ed1062e278284ab08c,1
0x612ae2f785b23403771089e19f6ccae65316c195,1
0xff082287dba9cb24b71ab764b5a3f5f2715daa9b,1
0x1e800b37a851e13a55ccd07503432e7dcb1672d3,1
0x4f03743a7c1d9babcf59c2fe0dd5523b12443d71,1
0xdb4728c59de1ada5ab7943378a12673735499b23,1
0x4824546a5be48d78a75760eb79a5b2ca4ef274f4,1
0xbe983ca4cd979b2947f03a3382134f142e143460,1
0x4376bc58ad1b85cb1bb7690915fb7e4431f78914,1
0x946c1bf1ab4ac5a0ff7d135a861191b4959a571d,1
0x0f2ec191e1025b9f1f4d1081b6e28cdb1aec21ea,1
0x4e6a85ff1b5bc452ad8db16cbb5925d55a5ca376,1
0x04db4fafbe8fb092798e579f4948b17b42952c41,1
0x89faa2d771c556f5b9e3462fe530b818c8ad8746,1
0x9223fa5a84decfee94b5b63a7c191794aa1368c3,1
0xc597dd0e97c30f21a9ffa74d79be3607a0028fd7,1
0x341dc8d959d5f1d15bfe76c7f9d56b27a832dbe5,1
0xf5fe41873f14d91fd6c266884b2520c27568dfda,1
0x251b405c7788b1d02d0fa24a38f0721a79f9aadd,1
0x0000006094141cd5d88b13aa8845dc34e9b1c3a0,1
0x84a78a8864331f54582f29259421f09e69f4c755,1
0xabe447fe90d8bbd12aec54eee5356183d046d57b,1
0xa58d3f53dbaf7d647aef9256baea6f9c1427842a,1
0xf7ab401d4f5b0ab4193863593e8a3d9a34d3382b,1
0x380cb96aa85b644207ae96b7e9c066e72d923a49,1
0x130bbef83939c3e6939da50cdcd23de97dd41f5a,1
0xaf63c2db758e5631e5d70b096c06b46a8ac35e6e,1
0x3d340f9478ff589fc9f76986bd49ec62c1619b98,1
0x4997629bde17e6bf0d7142aff58639d1a60f119a,1
0xb14c8bbf0f589253c2fd05d5e14f57e7fd7a26d1,1
0x35d4c762eadde62037ce52f6fd7c155fc1897caf,1
0x5b5c631f2c8814f439ec280edd312acf2cd05f7f,1
0x0eb7d39f70d4a736f1c96c818f125729c7f72409,1
0xde35a36cd873d3a781c4dcf46f962ede3f7f8e0f,1
0x973ddaeb339f5dcabb29468c07b41153be22e6e2,1
0x0e15e70f74e5ed138d449e868def1415f9a3e24d,1
0xe00d92614b723e3331dc12eb7ae8f5f04fa3b714,1
0x88dc82ba348b7f6a44e23260802fa52ccec0cc32,1
0xa8ef8b6a369cf07f2bac69e7a130edd4dd581dc1,1
0x000000071315588b34fc29d63b7494b614e6fa85,1
0xd3905281ea9d929a3510947a81ae1631a1a7d873,1
0x6913be0821ef4a1c88b01c39ce2f91b6d78a4750,1
0xfde64ea340165e6cecb9deb73bacd127482e04fd,1
0x5ca2ccb0a103821195b3d1712a7941a2ab89e58f,1
0x650fe0319d7c55a37d49b630a5ba9cd57fd67384,1
0x7b3a9180770c35f1f15be4165bbe96aaa06beb6a,1
0x99e5d6a10739a698b02a4595575a67423331ddfe,1
0x649feb37e5a2ce9bdabe94068691ad631b0c2f38,1
0x95fc9f435af17b82b86b2080b99a0ef321fd2484,1
0x7067e1284821016545f615e31980988a9dbccf10,1
0xaead40e4b95b169e2be0e238718c6a66ebf1ae2c,1
0x35965bac06a300d7f97a38675ae920bc7f90bd7e,1
0x12f6eac6080abd0c740638312a9db21c3f216a3c,1
0xca8dcab8ae2ca6abdb78b27a494cb49d782b8500,1
0x0033f47bd54b89459b1db4b5011df7c8fa1a3d77,1
0x3b9e2add84f9d8a2751b437f2389ebf516cc3a21,1
0x7cbbe99e7857dbee449985d058660f23cea306ee,1
0x57785ee69c0b006821950342070fff68636e3130,1
0x61ad0cbd664119913288153cb912def11eede3db,1
0xe9815bc17f4c031265382c38252b438b28ad2c4c,1
0x3aace7fb984b69b5f8268301eaf1ca8bfa06d0de,1
0x000007446d32dce855535dc5d784764bb961d298,1
0x812ac2610a2ff69c4b3b492b25756e3e0c1298c1,1
0xac17f079f2a54ea681df8a149cc5552bc372eb18,1
0x89c3a05c10f404ba36fdfad1d0a72b1ccdd40dc4,1
0x8ab10078d0974b35838eec124563ee1e00c7e227,1
0xa553fb8f625575ccead78b08991e9d2e20a40843,1
0xd11cd62f1946a14d622d955a598f3028b85a7770,1
0xddc481918147945bcac26d67971c1d29f60936c0,1
0x45d7d6941e8e4b6ac029eee8a74934a7147ef8bb,1
0x586e750329bfacb1e771d9be910309c4ea72291c,1
0x191a646a4cc3c3addbf2164fda517351a9f90b47,1
0x623e10fd34769a22f55183a01f7683b80dcabab2,1
0x688e657f845ae3bc245a08a8270d8cdbc961c2b3,1
0x6c72db7233d32a0c46db0615d9d2a5c7909d7a3f,1
0xbd54de3ee9b843beeac5a68c4484e4f1d9882c6e,1
0x7441f6c6bc5f3d15aeac622e7cb5a2a6015db8b5,1
0xb8450268e5dc5fa5f32f69bcd4a821bc78c6e441,1
0xdbe0d511a71c100109a6b7a9f35fd30762530da0,1
0xc9aa162b88d09a491b23c38b23faaaf3dac96585,1
0x6363c4959cd23c81713ca8115e217f94681f9fb9,1
0xd450749eb0e0d8f8b76957d5ef32f4964864cdd3,1
0x8a502933d2bae32387d78b709b7f0096e95f9902,1
0xd49104662583e1928daa8758b0cb3d4153c95096,1
0x0db2678c48798ec98143a91a353655c29a5e0053,1
0x85c398a3db674e1cc71b8cf506dde3fce29cdfd9,1
0xd5e970565686bc05f00a108a03359f21b44fe684,1
0x9b469d71b7808a1f0232db2820c3009d099b3d95,1
0x55a75b6dab623ab4699fa18b7d11d3d4671de63c,1
0x55971aa2395b24e4c69123e56084b36a47fb06b7,1
0xf271fe71b4e09f2c14b7c0022092bf0acc8479ff,1
0x331fe9f06431aaacc26b7253f1f046310ab7063c,1
0xe9b03b9efe6bff4b05ad8c22a1ead469be12027b,1
0x13c431ee2c95d5dcf5a0e7f73a795f4d2aa0ff48,1
0x29cdf826364c2943fc9352eac31c1c5067661239,1
0x8fd8ae51f56c9251d6f4d9a437672df7ee073962,1
0x08cf6476ea0f7f1fecc3b10468039fa3cb7369b2,1
0xa23b29a98f63f8c874634c0f94e9c0d2022edaa0,1
0x2aec8ebf681fa91bd132e43a88be49600ccdd7c6,1
0xe6db5b431fae17be954c59b2e9bc81d08da1012b,1
0x252d1bf33da23783f114910d498f5c15d4fcef27,1
0x9e39b7a0cf886a10531e265e67ce187819e04631,1
0x34de6460a9eb7e26aabb0a997697b8553d5d5c7b,1
0x20b1eae10c9a44ad80cdcf6e8a704c14de156186,1
0xc45485d77e0a92245d69986cf25ddf9780f118c8,1
0x8bad300481eccee9d8fbe56a1f155843a987e781,1
0x7d2e36a8cb60a9ff9f36fe1df385bdd5de6d4d62,1
0x89f22acfa3a1970ccdfc73d3db80d0d09cddc48b,1
0x1466db7ec1fa31307df8a34641e0c3ed835a0909,1
0x3d636eb2487d58361f648df142c3ea5bcba78e37,1
0xd08827a4c1211e9c3f92466ccbea97f8f5c5d7d4,1
0xd9996492fcab978ad66c7332daa0429d29e552fe,1
0x11b2860cc35bed475b01f0a1fcc2b6a999543073,1
0x0d381915969d9de85bc692d1ee45d567e8aae99c,1
0x21b2d04c6a9bfeb78ce503eb20821895af691de5,1
0x421709cc01d36251cb35ab6e38fd2bc604a4fa79,1
0x0cdea3f5da7bfe1fc1ae91e47768c58c6735e963,1
0xd576297030b765e602fa3f7d07a475aa91883199,1
0x62be68c15c56cd1c1ea08e15a4c030d4caff1a90,1
0xdc5cf6a1a8fd504c42ac64bd312f83a57c0fe986,1
0xa792dde43be984e3630719ed5154bef01b41c6aa,1
0xa151d7c51c1c45fa9479f62f26837829d6a2a50b,1
0xdd00c0b35cc8a663ee630c8a01268b590567353a,1
0x314c69bd3ed24289cbd642127d936c0b880d8a6c,1
0x99da39af135bbd369c034c3c83ac8534f71cfa92,1
0xd5dc41443a66ff10f4cf25010c25045e7cfb96ab,1
0x865568b596123b19cf04faadb397fc674e923cfa,1
0xed0a0cb939054b1e994b8dbc54718af744860c71,1
0x1dd3c04384d9b00f2ddc5a0908fae0078cb2b253,1
0x740e80640e3bc5008346d34addd2194efb2ccf04,1
0x82b3ca16850198009187d72a2c0027299d5ea1d3,1
0x0bdc3d652d3c28959482225853926bd931067550,1
0x9159dec1ab7388484fd992a2692730bb3f20e12a,1
0x3a4bfe179f2d259e0e35f67f99c13484476ea2ab,1
0x33922d8ee4b3049c9784d6b5d8f397f481b98802,1
0xfcd7b93a7b3f4f1276f1e89b63d22f1ef4b4bf37,1
0x38b42070f592dd193797ea6da981557ec52ba19e,1
0x82a79d9ac25879fbf8776eac600262adaefa30cc,1
0x5afe70bbcc49e3034b1d76ae6f28874471710ae4,1
0xa1c6c1dbbdd50998474e2c8c527dc23be1c0c296,1
0xb7fb3aa0cb899798cfb2c5123953a0d31a83f736,1
0xd69969358d1ca6725aeb659e8e842b7bee5d2a17,1
0x373b6573e0399af2b0b0b074e06a9cef68ef9128,1
0x4aab736c9612405951da2e8ff76083a3f69368a4,1
0xafb22c881b9278c10d342f13092f8ea3663b1f09,1
0xbc3b4aacbf41d05a4d058f13956c132e906d4b41,1
0x3a0d5c9b8528fe63c7e2fe8957f81f0826704946,1
0xfed9a483565013f9495bf30857376b1c848e8dd4,1
0x9e444333bce9b5784559835e8a8514ab85b546c1,1
0x4d5e44fcfe17a67724b5a3a0a76ea391d54d91b9,1
0x962d5192a387fd3e114da1c82180ed0ea8d7060c,1
0x4b9c384a5aeefbee974eebf469d443a356927646,1
0x460b61bc1eebe709cd302b685e62df3ef712e812,1
0xf3fd9b758378bf2e34ad101862ad5efc828802ec,1
0xde23d3d82765b670b55a685b2957cf9e8c577eb4,1
0xe924e8ecd6d8625082eb7f034baf5f0b56761ee7,1
0x0cdd38451ac683f1065af09ecfb6296077e19be5,1
0x59381ebe49274671983568269dec3eb8d1e3f519,1
0xcbc0337a3955d270cf3b49733a9c03d0af06dc29,1
0x787bf4a73723c8071d3599a346325232b4bbc11c,1
0xd166f7e18b2eea1ab7b03df5d38d9753cb22d1d3,1
0x89f982eefff6e6cd8e4f4dca6d290a6d6208c291,1
0xbd6239c56a7127cd583b10ed460c4e73bc91b866,1
0xcfa7ab9ae3ca70a754e4aa6af2e938a24152dd75,1
0x111111111985267d862c25b892dba279a7330a00,1
0x3177ce93056a645d58aa2f70b1cefab943fe5416,1
0x998e7d3a9fa2bc32ee10ed4905e11ef1a411035f,1
0x83faadfc26a468e2933bbfc32074553b529ae481,1
0x47241a8dba9ff900392577e98e98b6b57d6a6886,1
0x7a071330ec0b95f626000fdf9a851c9922afd659,1
0x9656cd0c442f6ada0801335514b8542a5ae1f2aa,1
0x42787a9dafb412ffd309da500cb3f0defab82052,1
0x63de20938cd4a10c382ee6c6ae5b4864428948b9,1
0x99c1905b9ac3cc2e3cc9b6de89642741f5b47bd9,1
0x4ddfeaec1664a0c6e2d4122047b5519652400670,1
0x67efeb1df3fb0e0461c4e4d8018b32fc73006215,1
0xe9b8f149e5d117531e762005a5d6c844b6bf1f2c,1
0x66b2fd59c034ada3e2437228910ffb09870a3e67,1
0x8a2edc42ed5759f7893e9d3ef386982320cbd291,1
0x3d4d64c5ad0b4fd98e48c4d88f765c1d34a82721,1
0x2732f7834d5de10b0c56d0d1d4223b053b704148,1
0xf02da6a92f06bdb48494d5c9e63e8dc35a9d6827,1
0xaa372c9bb070c1bf45c71f44a6ea4473a601f1c3,1
0x5fb78ff38fbc5987397a5e45542593cf9b7db569,1
0x9b251e060d403805e70955de640cd57a772ad85e,1
0x0c057aab3ecca2bee6927b07558fc4a757dbcf2a,1
0x1317e00095313c3d297e8d16dd5835dd4f2cc602,1
0xaa0528bb5a691939483be6435a38da7cf1c289b5,1
0x98ef0b4fb76ebe598bf6acf7026e07d6cc03bc5b,1
0x0d0d4e5ffbf188d6217840f6d6ffb14590454937,1
0xa3cab16d85bfd71b13dc3ddfb2643c949049fe05,1
0x2ccbc1b7a73382a57f2e19a79be19bc8d9863e96,1
0xd6c01f4b14250bdc31c93eba5219c397156ed32a,1
0xb40bd142db1b8ee92b1baf90264e21d6fcd5b7c3,1
0x70d6cf42f40f682e3d1c4b42298288e22f9d9303,1
0xe52da775affbe83acc6814dbe4a18c8a58161aad,1
0x3c638e9a109598a900296cb5435a1f9b62f03646,1
0x64384b90c7c71e7aa496fac18e6579f5228d3248,1
0x4b15411a6033a379bc0dbe24adeff7eba319f9a1,1
0xe9bb8472bbafd1d6cf01341c2dd61c341cb19ed4,1
0x43e58bc5a519d1cd3f7dd74d204bfd385efc951c,1
0x15c4f1c545b409423ac11051ab11d23c2f01c99c,1
0x360128bc19ee97de33833400906dac2dc3aaf354,1
0x83512127d104047a47b35a6210df3f706094ad52,1
0x181777a35f0e206c0768c12ace56e8c285911433,1
0x194f43f1c0df7078fb1d36bd9447c97b362eb7d9,1
0x4d39515136ebe55d8bdcfdc25c7159a6e82aa971,1
0x94a85ef7880d9a456180dfb598733db9bb5bdcdc,1
0x027f2c0fecd5b41f3d9617de8d1c4ce69a336e12,1
0x92625c44ef7ac5908145bb5a71f276512e1504ce,1
0xcb3319d93970c825f05f79741304719210205f9c,1
0x3d34f9f541ad288bf65c7f8521d8d9651ade319a,1
0xe26d18de473736ae45be8043185bc7a5c19f2d93,1
0x68504a6083e78d58f62ab40316b386341b1db2ac,1
0x6504c0f742020e3fc893b0a9cd7f20a25da3fc91,1
0x8e26621ff3d8005301083fef466f6cf2544c0930,1
0x2f64bf782afd091b29da5edb683371f1be2f764c,1
0x27701e8a49067675e4dbaeff966f7b1f21ee669c,1
0x3fde1cb6ce03387e1bbf753e940c62f3c4876470,1
0x72e2b17a68896642b434d6debdb4c853edaf3634,1
0x2c38fe5cdd6d24e11eea2283ab87c074b786193b,1
0xd7ba240d14d261c5a91ad61cace068a622c2e15d,1
0xfc433a8b9988ae6c0351efa13addec2b47944631,1
0x739534adde5341bd8e61092caea1175c5a55629a,1
0x8b4e9dd6cad96e91b35100b723b259ead872ff83,1
0x4ef3aa1242d762dc9882e680329e79907f5f0bb8,1
0xeb153bb288ee31a6d6552bff41e048c56efd8e39,1
0xfd6e7c0ad4c033e9fbf3ddb7dfd6c4f45d9153a6,1
0x0f5a9763e19ae66fa63d29945836b0da6cd45028,1
0x91fde779e5b350x91fde779e5b3583143368fa44,1
0x348943221a004de557795a1564d774a0357d3b1b,1
0xdd3ba7235d79775774a7d37b9770c8e69f35c796,1
0x96f1ed3860ed295cc9e524796fe9109216a8112d,1
0xa5d6643fd56f5e8cebc898ca4f31d2a3798524a8,1
0x11e95f016cf2def1cc86911d758656fc93ef62bf,1
0xbb6f9d1c2cc4535bcc98f66d973d0f21fa6dc414,1
0x8010d9793b699ceb2aff0e94f3d045ce54278b15,1
0x79000f1d72a20cfde9d667a6d9db458163375ee8,1
0xb4cc43b45341c88ea5027992683e2a9cfbfacce3,1
0xb796fb1eb99205c8b41bc56be8feb26128540d25,1
0x6dbb7e4c3800a255c2cae29a43cd1ccd2300450d,1
0x91304abfadef5e03b1f432b11ba81405d9aa600a,1
0x62267e9a5388a4af98dbd67fe72e7ed4ca2d0f25,1
0x35a379767fd93003d6bf5cc8ae6ecaf3c32107b4,1
0xdfe33af9aeb60478f6913f15b71e9d5cf3ad5357,1
0x33559f469b3a477eee95d594973ebd0b24a6db24,1
0x9a1f1477b5cba834242ea682b8d220d042cd0a55,1
0xb3114f611b6588c87b7d93cec12f01aff4ea6b50,1
0xfda510a8fcad3fdc40a19f0332a031db95d74a31,1
0xcc562b75d4c86218e5215adaab5a8784883bd76c,1
0x198c3e55f12bc6a9ae5f63aaeffcb77d98cd73f3,1
0x9330550e1018fd1b1b53b077e3898972a1963ae0,1
0xc01ccccc81b5b33022fcb5fec52d1f5fe90281bb,1
0x8afc761f52d0b9fb91a2e9c9da2f69a31af9a187,1
0x327d6e667699f7177222b6bc073f95656ff62c13,1
0x1a04a21ebc96b20edff8b78372265d0d3b5f2bff,1
0x69720605151e6966b660b30105cf84356301193c,1
0x88c82fc49a09c263a2743c94dedf3b3e041bfee4,1
0x1a4eb3f8eb206194c4b81088f57a9463db37106b,1
0x8a05598dc7caf0b0554c7b594ab16d1d262ef8d5,1
0xc0a9fd6b5e9f46da395dc61fff2f9b5be7e0ff41,1
0xeca1123491909e8c9d9d0ae1f753f0d7dca4c135,1
0xc63a92de85bb71af2acf9645daa67e7c38da117e,1
0xf560b746804a6c1bd3772f52804fdd20f0b27bd8,1
0xf52c311b3cd1a47f81046a147b93cb24100192af,1
0xca91261486d0c2f9eb4a7e19784ab558c9fef64a,1
0x94c5786c941c45b9558dec6bfc9a59e9fcde3eb6,1
0x82f6f9e103f1507c593fa23c9ff68bf5b11af83b,1
0xe6705116ef1249e10a53b96ac27ce6d3f1ef5b46,1
0xc7f4ae47dfd07bf6570e1b5b5e12fd8db203c2d8,1
0x92729004ae9f1674de31ee026e3c835c7e327fde,1
0x98989b5f8fdacfc3d72e5ec7d94e34e8a95b6464,1
0x4ddbd95228ccc995098ce067b0079c5d4b7c55ab,1
0x40175ec0556579cfc91bd7183314a8e9dbf2b334,1
0x9c07292da7d490a55ab06cf872696c9d21366bf7,1
0x548be6667e92e742dbd852662349ae74bb39a215,1
0x3d6789f7f939af48f4e71cac95a2e9570a1af03d,1
0x99fe415cc5cc9cd8ec2c65ca5ee049a3ac68f0ca,1
0x78037666829dc657ecc0d64ed7fe0a8c5858d5ff,1
0x66818d373b02ac334d2be24bc72df534198bb415,1
0xf7f7d191c1b6f334e9dca906962e77d77d9d0808,1
0x2da55bf3af0a0e48d958661e64db4fa254b71d2a,1
0x820a1fa1882906b368bb35fd13e17e8fa9d89325,1
0x9557adafcb6773ab4ff2991f37bca827310bd59a,1
0x601226cc116e88d3e858edd681963543a624e3e2,1
0x99c45ca7d61a22345aa7d564b12cafb44bf4b093,1
0x4ca8a9f47cc2abed5685747b8510ed5d713c7a83,1
0x009cee532e73ef20832fdaa259a6d0c80106dfd8,1
0x4999ec56a923a4c25098fdfb48d170b4e5628e65,1
0x2c0383afc71a362e07e4ff673af284948b8abe2f,1
0x76ec97daca034e5babd29009f5adbf6065f289b6,1
0x6ebacad601decdb4197312662374e0e1bac1edb6,1
0x05cba753f6eb12883817f7b6d172a50389cfa501,1
0xe34e658f26e48ec8aea60b1c356b3a8f791e38fd,1
0x664b2991409943c5f3cbca944c73d56ef393a4c1,1
0x5797e3f48e48655b7ae27358eeeb422c925ef2fe,1
0x31a44296485a9001d6f7aba6a7531437fb584405,1
0xdf80745a246dbf6b928e3a3c442e37b773a70145,1
0xaa46e8a877b70755f81f438953df3e19b6146f32,1
0x7c69abd9f0798ae968e20cfad91dc695b0c29247,1
0x7a7a2003ab5706818458854086fb2666583be5fa,1
0x4539e54688016dbce3198d99a56dd10ffd8d176e,1
0x2ea635f3fbd75fa29eb7b92772f3f5c5395e5760,1
0xf7f325742b493c2a2eb5ada7a9ca8aab27a6d55a,1
0x1d354d343f546b16d5eb44f674d637a03b672f92,1
0xaa68e429319d065ce9fd5842497a8dbec786075a,1
0xf1d2f45110316688c197be1af3aa1ac4cc18cd9f,1
0x23ff095cce591d705860c20a53f90b9adc222209,1
0xf894b05939599c25cdd3e158111f174abdbfc469,1
0xce151f1226aa865a9fc4d1ca7ff7ec9175629309,1
0x335ffe20535c051bf69619ad2a9ad11b1b1307d7,1
0xe4fa8384631cdeff60dbbee8dd9ac25ac644e2e5,1
0x6817a039c351e978ad1ae73d2f39c8561440ee4b,1
0xa0710d6b75f7174ac09b145458e41a76d6d59f2f,1
0xf6a68ff591d5d4565b34cd1b4bcb86d90d13a3e3,1
0x8d62fe96613b294382e040e5e71a3b3cd07aaa46,1
0x42c07af1246fb2d1b8a95e6cc697dd9297ae15ab,1
0xcd62bccd1f7f9e1ab6eca9cb961dadc50fcea227,1
0x39cb9cfc9086e0a788e10fd63f215fe674fb9724,1
0x9bc8c8fada522fb6398328c4757ed03ad6f54f41,1
0x669631c715f098b78660fec726a7e5a25499ddc8,1
0x864e61e01c3fdeca1292207fb1ffca6e27e13199,1
0xc5a85b60c2015d6be77fa5191f638f497a0123eb,1
0x17980a378f922967c94fc5280610baf0d44cf799,1
0x8e520abd10b6ef0bf77589cbc99f6010e143b028,1
0x1fdcc98925d68f7672cc5b19afa1360aca54e5f1,1
0xaa72ea81a05049d716e863c9a67175df672b5686,1
0x484de4001153f55f5ce80d973523b76d2866d1a1,1
0x1c3acb68d71b7bc45862b6576ad48ade99157774,1
0x674b8e2bba97780d97a39919d12700f4a314c051,1
0xeee5aa693f4fe8ddfb1dc3efa0b587db14014567,1
0x525327454f2c07a2539f2aba0238b11f41793f90,1
0x97bd570809cbb40b96d933f1d6155deb074c7000,1
0x17f5f067958e7e24f94853b40e3abe968943edb2,1
0xcc886621a5aa8381774f045eff444b376989eda2,1
0xb8481f328ae0547089585510902ae585c79f7d24,1
0x0e86e604ce320e0a227b748d62c5ec4523825e3f,1
0xdd924732cad2b4b0ce1812e28243f8d2f2654fd0,1
0xcf996ea7a49d793196f11d93e964e003ec389a9c,1
0xa1f6b12e8bb86f8b1bee97ddc4e1d940417e6726,1
0x4c0f108261cce4527cd4c9c960d1796bf8e82987,1
0x98349f9cc9a5a512d6d4c7893ac02d87b33b9881,1
0xba12615b0522542bba3e10f468e0f38465de95cf,1
0xd04cb096dd687387d3626b298edb781858b70c66,1
0xa3ac1aa03e46d2f987a7e5a6e621ece0c526b29f,1
0x6212423b7c0988474863b7541e4e0e78300a0870,1
0xba364ccfc8ae8152034eb0ef87cba2f00496247d,1
0x7cade203fab8900db0b8d9e7f8eba903011815ed,1
0xf5f02f1a87cdade3d2afcf576dff5798a64058e7,1
0x63221fc8a39ce26015c675aaa6d7b40091fed7ee,1
0x7c7c43dcb9397e4ed6cd59e6d254916c7a44d63e,1
0xbd319ad25069e82bf449a40e419d3a738ff97691,1
0x1070203c3f1e07200d6fca2dd4d7a8b61c0979d0,1
0xe1f488bf672582999ce9a51a0d5d3423f45ba49c,1
0x9152d35e06409bc8e7a02fdf8cdc5f29d79eba5c,1
0x62dbea25c908f84b78d7ead342bc6c40c92d1f97,1
0xe863e860de724c2ade6651f5b7f3aa373f7e9306,1
0x99cc55f6b33b7d70ebdb0ff6d14eb56aaf3487ce,1
0x2cf4b26990d30d6adb7df30e7f9ea976da319d3e,1
0xa533eccf51ef422a0ea0a48207f705d3a9d5ebab,1
0xf1cc1248f8dc5c40ef4ed25bdeb7fe77625fbb0f,1
0x042c95c0d4a5e139edb4c8da128702fc72682b91,1
0xa71c2d7950f9f7450c7539ffa8e43c4633a88dc2,1
0x9f6020297a3ad9eb18f053938831b42783cfb4dd,1
0x583eac77322c7d0d7bb381938ebd0eba978380e0,1
0xf6425a2f3be9d9845cf1566dd22308d5c5111f59,1
0xee782305f44ef78dc78bc77fd0ffc9a719f422a8,1
0xe34923927c6a7532137d38ffe9b003ea12544c72,1
0x488dc354b35a9687caa6ef26aaf2e3f6f01068b9,1
0xc5f10ca27bdd7a47997dc5a61c8d8c33fc5f78c0,1
0x31642748c776298c47fb4d33351ccfdbf22ecdd5,1
0x59a08b67c3d3f6fc911836a3c7eb4dadb709be55,1
0xe84bfdfb5d1c8d16b47fc6878cfa92429b661a47,1
0xac2cba88bb38ec2951c636dafb9b1b485be7c79a,1
0x49ea49ccf52de30877b5ff6bf55ec810fab95a06,1
0x0e354f42370357b39884a7e833c710e282b54818,1
0xb46e25d7284d5a12945e7318d9aed8a6fcd2c986,1
0xa66c7e79ee7d1a1aea880207107625a5edec8162,1
0x2d7d1e4c89a0a2bfb4a4a7dde09bd3054f3d4e3f,1
0x5bf096dbe20acf093f7d8da5528cbb77ccb3475d,1
0xd6091a6335e974e67fab6b7ec4aa4878afd75707,1
0xbb9e36b0943be20f4190fb1835d943d03526fea6,1
0x01ebdf2c88bb2ff0d665b4c3a884ae2ff9d1d874,1
0x3357b72b6467f2a74ea6b23173de8da513d38b5d,1
0x0b515e30917e2cb99387f78fd1d6586c42d0d68b,1
0xfae640ec58e5b28ceb3c602c5c31d694d32a1113,1
0x6fc54967aa9fc8d722a773e60d721843b1f5aba2,1
0x1b30b85bceda2b749bcec71dcf290b89a621d6bb,1
0xc461262393bc6a8dfe7ffd86ff996812dd94195f,1
0xd40ed4142b179443d35de191afc0303895667fd7,1
0xb21f2d9dffd2634ba05ecc27cb626918bdec6fe5,1
0xe3e54d7191dae38d4af7a71d2ca12c7d42466b61,1
0x97b71f2bf8c0913063753748de88543797c884c3,1
0xc7b0f183b232e0b15c81eff18d3511f7fef628a0,1
0x201e57396bb1a720cddb0b0f03881cf5f0c90a72,1
0xae8387ac38d63fd5b2b5c77e6b7ae7c281a586db,1
0x801c8a06defc6642591634a9665193356e47b64f,1
0xd671300f44336d37ba9d27a44b8a508bf9904ae5,1
0x9688574cf1481950ae6201cbe5f6a9ae5a97cedd,1
0x44bb394a300c0785d80ce8cbc9458330f623bbbb,1
0x1c23b2f50f2805c1d44ca4a2de1665b8cce56951,1
0xcaed8616b1542b35019ce1f4be18fb927b828058,1
0xc4d3bb4a23b99e05fda5c8c8a93f1a913d7c500f,1
0x5988ec415c10342c8cdbe1e74019e5a4fcd8b220,1
0x568dd376fd08d93cc5279ed5f5804e2e84663a2f,1
0xde691f3d1fe01f7a6654754461733e5e648289c5,1
0x8491a66d6447802338c68f4e2fd84df679b7e4ca,1
0x5e45df5c1476db6a9e03b7c9e0863faddac49767,1
0x54669322df057561171063180df7f2e62c63babc,1
0x39623abfc2843b0038cfecc99468195561bc356c,1
0x487226e99f143a33c5cff4e18c04376db8e67420,1
0x58297de8f2d7fa0ccffcdd6deb152886be954205,1
0x50f21460496ce68f302f5a22c7d5a5ac2e075456,1
0xd18c6227453ac2fa318b2c0a94a31182c10d7145,1
0x06ea43edf311f5eae88e09fd5329500b986e7282,1
0x44478c67f6857b139d113ad18934e89bac9daec8,1
0x61569c97f9e8ac0ea85960bec4d2a66ff85a52fd,1
0x4eea1c67a8a3cbfa53fe88b7b120efa38f8c5cd5,1
0xeb8c67191c6c09c0b40191f51b3484907a63fc22,1
0x7f68a87f1ed1e855d4fe005c0510fc3f0d1423e9,1
0x4d27857c41e0087c0121701f80a32f66575e710a,1
0xbbb8d0e81b47d8f8e3fb5d2a1cde8b0a73aedffd,1
0x137fad00b725bd5ae02558b48398252d4f3e89a0,1
0x65ef77bb20593f65a95be98ebd12e11a642e3c27,1
0x1487046ae88d8bc787b8fc6fbeca6a8294eb8b71,1
0xb54a01c195bc9216b3531e7316ff0eaa426c3102,1
0x7f25a10c56ba454313d3b5fcf24ca194a0ccea59,1
0x540c6f0f5090e276afcb8591f3914cd7753848bd,1
0xe0e576c42ef16a360fdc7155f15da67b3c6d340b,1
0x2b57c5c630a49b72bbc6ba3888d56f8c92c3ad0c,1
0x3eafc13bddbc277cfc3ee90f0bd6e817803bef9b,1
0x097de8c68f0988d0b95b0c2f848e3165e1cb6a8f,1
0x904179bd0b2e7919f263ed7e17a02079703d450d,1
0x13168600034f1b92951cdfc444c3663ee595a4c1,1
0xea2fc2ed571daf216cd30fdd71f310109d6bb318,1
0x7c5c9b53f92aaedcd70aafedb36aa9f78b0f7a67,1
0x8f5b007dbe29b5875ec57220ac89718865944c49,1
0x2e66ef4da7e1a58122a56b1166f81bbd66f814d9,1
0xc0b4b66e8f0adb5f6dd9e2a3da4b0cc481b7e158,1
0xb31f8b445eead72e519832a3984441494e91f80a,1
0xd4bff2e49d13ae2fe47f6d5f5611b1d0499a8d31,1
0x9ec5fceb76b0bcb2f8277ef703f546e2d8a72be6,1
0xe527f8eb96cf7ac7b69268e4a343ac2db7530fb7,1
0x7864f6c9b0f22ec5c806cd36444f3422d36a0183,1
0xed3f32ce9bdddc3341d78fa2e5286054d0d5e8b1,1
0xecfe3d1898cc508657cd032f6c41f5af0cefbae2,1
0xf1ef8477bbdfc733b54fc66bf91114867b130272,1
0x743463484f0bb568732f6271debb6dc1c55b6331,1
0x9479b179b6876f3c60be4179cbe3321a1d119a10,1
0xa97dc18fe0223b4890590f143458493d1c4e3355,1
0x537e8e386340e6f582d9e93460bcf01a7985b0db,1
0xa8dca5e4faca761568e1ccd9556c86d08ac8562d,1
0xba79f47880226d579ef98c0564c50e633bb1e6e2,1
0x9551d28c87ca8006416a959bf014272c9338c19c,1
0x54c6f60541593c44aa915314ad264080f77a64cb,1
0x952087f12742751d0238f32616de14d6002c0c51,1
0xa3677098bbef70f1bd4b2fcdff435bd6762374fa,1
0x229fe9fbc1ed1a4b41f262d4109d5582ce786a88,1
0x1a3f54016a9701d9338a06088e7ced73e2fcbffc,1
0x394b070f24fd830e38f4ed40ae6b13eafea5670d,1
0x48aaa221eb244095a75c02e12cac893f9fa41643,1
0x894572e3719da207515b5a177efb05b525c6151c,1
0xadc034428235cc2635d998d75a2a3034bd14bce5,1
0xda3d184ba9ce168efc779427a0daaa1895dc6d27,1
0xfd8f740a78ff3007b1c036a6adb56a68373aad79,1
0x1bb6861015b6cb74c3d01857a302b5b393adb075,1
0x22c35e6a0036772849ddfee4a534c933d771f770,1
0x9f453be6c7d9221f14239167034bc36a890851a9,1
0xb5bede296e239a0963bf0a71aa737770e7474543,1
0xe10525257b32ddfdfd516549efa4d94b573f2434,1
0x9d5dedfa8bc87b12a04eefb77af411250e389245,1
0x99110691101da801566765eaecd558e11676793c,1
0x8ac2f66c7f01902dffb4c5a5262fc55e6018c311,1
0xf251ecc3e9df0e7ba17fd54ce5837a1ec96dd7bc,1
0x73d6d914339c9f5b17e938f8612ccc58ebb45ff9,1
0xba52357d65d56e60c30c3b40702049d114022d46,1
0xa805f8fbe07e7cfcd19d5bbcd46f1495bc4956ee,1
0xcb4cd3177170adffcd386d79691259530547bfef,1
0xd7601b03d304c78a4377ffc15afb54beb3baa85a,1
0x1036a290dd1429564fa3a7e430d65087cdfbfe95,1
0x49084a8d580abf62af75cf87b9bf4dca66c26558,1
0xf7d9dc806261494784d7696b02d5773d011e9249,1
0xe7e259f256c2a9b488ba0824b5f682e7cda37a5c,1
0xea15497e6c4407f9a8b7d7848b0d0309811540a0,1
0x4a59e4d10dd3a65da2f10397256623d5c457a53f,1
0xf66cc136db641e7cf45f4b6cc150de23d52d2d81,1
0x7066dcb3c055ba088662635215a9202c8f18417a,1
0xae79264f5c407f28dfd99a8d78bffdb73e125e94,1
0xe278b1dceef9060970fd127b8ae448fe5f8a1891,1
0x545419983ba9005f11e94ce9a5526ad4d3db924e,1
0x1add9e5e0dc89710f28c606c71c9e717dd6a67c1,1
0x0eae67df2832167b01babfa044cab1793fe2723c,1
0xca95adc9189d5a0dc648244668b780e3007215e8,1
0x20871645f5663c4ac8a3c240675df2396d568460,1
0xfc7842d80a0b42c0a43e329e7f7a2ff6cb851ea7,1
0xded6b3573f61fd587a5db57bf096c050b1143177,1
0x8af3d7e94e2f17efb073dce8531c20d8ec6cad53,1
0xd8a072047ccaac057ebacebe6849e9bafd516dd3,1
0x6a88f74d4dd950a59be2823b8e284c19d50e07fc,1
0x3d89bd549cb2415d970533ad99cca70715f7a63d,1
0xd5a2b2217a93cd01a039038352c33e87b5ff951e,1
0x6b2b290543f58acce4a16c089171eceb762ddd23,1
0x0294b2523829ea287a8aa9e7e85f5dc48c221174,1
0x992aa4ca89e9adbb8d9b662c0591198419b2230e,1
0xa8c842034b72f2afdda6c4cca4a385c92df4e986,1
0x0000fdc9f77e5386f260501c34a4a93314ccba2e,1
0x15e2df3b18385021eaad8e956c12a88838c85d07,1
0xe2ce11ed48850c98800fc9435dc6e3e9d13eaf45,1
0x9198dfd2914cde6470080bba5d56219a767de826,1
0xe08ce778ef1127639243f53f4c45844595876dbc,1
0x1936b538375043b4f8c32668e490bfc107ca0ae4,1
0x987ec610bf42af0baf55311859aa690e5f038dc5,1
0x2f65f7a04a22dbaf8126ba1ad12c821fbd5733ca,1
0x1d15f5df593e6eff609530ab3e6e0eeb41e6aba8,1
0x32b8670bbabfe32e25f5873eea5dc3cf7dc1cb68,1
0xc53afd3baeddf80ecb6d5cee24ac797e0206481d,1
0xa285ff0647d0c6a766f8a6616aa6cfdc706eab4d,1
0x9ff32ab650c7fce6e268ca68880ec33be48066cd,1
0xddf3a7675716ef991d876264bf6134eae8c63c39,1
0x508e116425b23eeb12cea556a0e2d3eaaf1ce946,1
0x74d1b9b81617e124371fc2b3cdfaea9047150084,1
0x794ac564d2f7b6e4d5f79f0664cccd79d59c11db,1
0xc017c97ca89ad18ba175aa984b189d6801f60a50,1
0x0000009c6437ff3d602759c36e546a7aad8034f7,1
0x2cc3e4f149dc5f82de67a8e7b81ac8a605962d82,1
0x5b03a443395986572db0b8357104c1921846ad63,1
0x298afed99cef993ef5f5915a76f363120f1e8307,1
0x36fcc39081773d8f8783dda9dfa0c1bff24d76f1,1
0x251bc9607f5098bb954942731136323664d8829d,1
0xb42b852646ea9a8cb10fad4958dfa929780bd836,1
0xfeffe3bf194a042d61e179d3ea6c13d5c646ca3f,1
0x82d67b868fd94cc948bdb24be7373b052876d8ed,1
0xec670a7baad0186d39e0f50d4315ab1252d8adbc,1
0xb171194337779e5885e76fb7bde96117ea286c02,1
0x271933d1daffec39e1e8c805dbaff4e10ecd00bb,1
0x32e2b6e8141a3e49db69e4632f413eaa546d2d1a,1
0xbe9009efa1bc5a7b1ad549bfc0cdf77b5ade967c,1
0xf27961189030ca612d8e694f322bd969e46a768d,1
0x80053046528d8b004eb34706ed1356f7cf6b8fd4,1
0x3327eda7b6e2d51477a5132c42d66ddec626340c,1
0xecfbc7135c3596788d9a1cbf097a5e287f9760e6,1
0x8b0a1f7f431d1bb95aa67d790645d157a3dcd2cf,1
0x3b20c7568269f566c01f5462476400723480782a,1
0x548b0a54458e342483432de13e96dc7eed962596,1
0x5e3ab2098dd6ef9c870c818c95f124235a03d99e,1
0x4406d8c657ed3a6de47eba674a75c1702ab77c53,1
0x3b2c418b2f2634f61d901d5d487e44116434e650,1
0x5e7dfa90fb03804a944a629c898462308c687a84,1
0x976c85ad3f7a81f0c2be7af69c9b03579774630c,1
0xbe0973fc9c1b1f9b6e7396d56c0c6237043d2d6e,1
0x4024c5268359f091f57b735889fcbb4d930944dc,1
0xdf4fcaff2233a58535b670ecacfc354ac8966174,1
0xa2d6c81aea38f3522272470ae2500c6a35877ee5,1
0xa4fc0a633ce58a83dbf6b94d7f5956b5f73e64c7,1
0x4fccc7c4f86847f5d15358dbaa540b25b9d76a78,1
0x4e6700bf44389417d910d622db9caa3c01cabc18,1
0x1c5e26836cd137bd645be6cfa9f21db120408ae0,1
0x99ea3927020c8c1e37c2ba57c57c9af7c48add81,1
0x5c83b048229536e69e58ad04f61afadbb693ac76,1
0xf400a7724e882decc419f23409079c6d09ccd9dc,1
0xde770ed47efe294d7e85ff2af46ff3c83dc2c4b9,1
0x84117d051ce30fb288949add89cccf3a3e7d64c2,1
0x346d9b53bf0c90ed97f3324ba6037a33a2c20c60,1
0xd545011a2e6d3c529b622c72c26eae6e47376337,1
0x29431b4faee63881b4eab6663d35585dea20c8c6,1
0xe57731084d7020d390bfdc29b906b84f260a24c1,1
0xbae73d4746a0f8d83dd1993ca034e03d7e59ad18,1
0x9635bcc0e4845126fdb133de103d1f84da3f9ece,1
0x26b785aac38eb72d4a9c903b2b97f858d06b77b9,1
0xf27e41c59f367736b8599d2f0067fe10634f8dad,1
0x9578bc4908ae41a6cb81d0b5d0ad23098bbee357,1
0x354be9e64769aa2b6ce65571b135e4593fbc77bb,1
0x00beea7314cac43ac605c64f0c97bb14cdeda0a0,1
0x1c569eed6eea715d54e8626e888a92badb570db2,1
0x1af5b0e0d7674ac3dee063e328dc6fa2c2551aab,1
0x302e77a1cf8dbc36a24c6ace7aa803ff02c94852,1
0x00001a1096a8ae611a48f8330274c85beec17f55,1
0x1d08e9241f35b5f92b0a0a50c53ff02646125110,1
0x00000000ccd193975907ddb660b4692bb4257f9f,1
0x3b7fe0369a34125782f8d3d9419284f692d41b0c,1
0x5516b783e4f0bb96c73e52dc217228f4b7910a0c,1
0xa6e378e75e45b869a220a794110369dcf0bcf459,1
0xd6334ef2c7c6d3212cd2848a82ab32452812b8b3,1
0x90349e57477744354fa36cdfbe90a13a9d9fbc38,1
0x4d285090f06d1a6c947dcb252c96f4c50d9396bb,1
0x592dfe3acaa50f20b5325f08df53af2aaa77354c,1
0xc9180b9a016a6fb042ebf4e3f67d203020bb62f8,1
0x53e4b60a45620f81e7aa913e50d6b2bdeade4a72,1
0x7060a725ee27abd900e10d08eece61eba15dec32,1
0x1685574b47fc0a65232fc0acbbe95b65054bfd60,1
0x7b76d6643c51a5f183d248d3a9c11f1480195400,1
0xde4cf945b202235e09ef579aec216c6ef57358d5,1
0x9ea5a343a2db713de8ba5c3ffc62beaf1c44df76,1
0x74449240532fd096f6284e130f164abc3bce7b8f,1
0x8db4181bef9739fd56762774bc67719526adff5a,1
0x8f910c66f88fc1817c6756a72ae361c74a3b2182,1
0x191188b5c03562ebca9d696e65601436dcfaf646,1
0x00afc545b62a58a493b33c882a46fa6bba347e50,1
0x6f5159054eed1cfdb2f722fcff3329e7504c0639,1
0x3db1230de87e2e1c04bbdd8b4032fd5819f2df76,1
0xd4b10b9e7bac9f7eb9e2e41f1f15f58044d34a2a,1
0xd8d2041152bdbaebd75c35e8f1a6083d43dfe14e,1
0xc1a7c964ac6b157160d245e64cd05a43e1cdd78e,1
0xeb5d6efe089a0466911b5ea00728744ed3212c18,1
0x216dc40c026b15e053af6c7241423e63fcf92436,1
0x88337fe86231b6ba75ff9a401ac5ea0b6536aba1,1
0x97ee4a76c055aff4697472c209487dcf85426292,1
0xc41c394a14542f9f770427588efde640d99b2e3e,1
0x756d44d80a41c46574d5cfe645907c00a2ed1a8d,1
0x988577bccd45e662c86b07121e52421785cc2dbe,1
0xf36ac4fad24f6e89a81d5c400e609e7acd7e7633,1
0x3fd564a4de0075a4e80488e3affe43f93fafb21f,1
0xc31298859aa3007658cc0da22ef20d7b700c925e,1
0x625b3f3f66bcea1fc1f3c5240512600af2236ff1,1
0x818f6e941e5af4d532b05458e474775e9ff131b7,1
0xdb45411265782debf29a7b58ab475bf75c9b19f3,1
0x00c3c2c8c9251dc09d0a505cedd98b805207e64a,1
0xca103194d7e9cde428dd8ad18a1eda3d547a71ae,1
0x177a7e67efb17e79841fea248519142a446cbcfe,1
0xac585a730dca7de9f6e262524220e88c5556320c,1
0x01408828659a24543efa39b432fdc65a94901b5f,1
0x03b3f736737a6430481e491fea657bc190ac59e6,1
0x949ec2eacbd07037a81c6df02caa30c324817b69,1
0x72cf166dfb8f06bff49eb8153b1347debbdb95c0,1
0x8f37a67b16bb9a1ebe687152c52fb7d41a2ba20b,1
0xeaca251873b3bb8cd5804485d1ed0e8f41ab908b,1
0x5710c0689d70fdae2a775a4d94d62f06e2f90298,1
0x2eb0f382abcbb4c31eb0fcfce294d2ba0eef6b07,1
0x278d79ccead22bb41ef6678cffa356a0ae4ee570,1
0xaa53261d324bd7b3a866ed1f7497b439bee22519,1
0xca8492bc26f33fc51049dc7500983bca1a2e385b,1
0x466e6b73e3dfaf7b6b8181c9a31002e1667bbb35,1
0xef76c2680c9a3af2f16bcb9f701ebcf2ee971c32,1
0x73c2795eba6b64a6f41439e1dd04cf5704e39718,1
0xb25507813d36acb4d4f7ba7c5fba11f5e2f30d17,1
0xc07867f7d69b701ad3881e55ef6a78968e21cd08,1
0xa6f6fe428C25a8441f836294C89Bc6100c7A3262,1
0xa6f6fe428C25a8441f836294C89Bc6100c7A3262,1
0xa6f6fe428C25a8441f836294C89Bc6100c7A3262,1
0xa6f6fe428C25a8441f836294C89Bc6100c7A3262,1
0xa6f6fe428C25a8441f836294C89Bc6100c7A3262,1
0xa6f6fe428C25a8441f836294C89Bc6100c7A3262,1
0x875bCA6DdDB7DC25aE8BF6D2bC90B725ec01c111,1
0x56681dBc3A3E55BdD22c1616F313E17bE71263Ef,1
0xFfB667e72F61063eD023f54fB39595ebAe5F2FB8,1
0x592dfE3Acaa50F20B5325f08DF53AF2aAa77354C,1
0x2a27A60c8173015089Fc8bF1Db39E575221A6836,1
0x130bbef83939c3e6939da50cdcd23de97dd41f5a,1
0x0e4fb6448E80d783B4D9a233C3E2B3Da4eD8306b,1
0x5Bdbad2a986C5b959D7d10eBD9a4b2C4ffDE9e4E,1
0x441c807C89BC429744152C6712F6A11Eb14725b8,1
0x1609dAB49ec74380511b39bd0b3ad2CA452B7Ac2,1
0x650fe0319d7c55a37d49b630a5ba9cd57fd67384,1
0xb365222c96f784B0D3D30D08b8A2e64cEA3153a3,1
0x7b3a9180770c35f1f15be4165bbe96aaa06beb6a,1
0xe00d92614b723e3331dc12eb7ae8f5f04fa3b714,1
0x3A0CFE20Af8eb37B344e07aA7FF384358174d15b,1
0xF17B1e80d334466dBFb4FEDcf136dA63903Bc2ec,1
0x649feB37e5a2CE9bdaBe94068691AD631b0C2f38,1
0x325A51514922bBD4e3184854F8F3A35F3C540480,1
0x68bb788c5b11759b948434051ce2f425e5ced1b7,1
0x7af5242fb5d404018c367b37941Fe6a2102e8AA0,1
0x0392a1caac46615259c21d231b471517d930c80c,1
0x3c0cadcd7826fff4b1acc1b22213b06579bd2416,1
0xedeffa0b80a6a3a42c19f8ce3cd51515f59fd321,1
0x31d183e47bd34bd04a4710675b8d015551715842,1
0x4d86e86824c6c0227053789224e77708a9a2c9df,1
0x903cce44161ebb6fa6c7d14a93f5f1d30634fbe0,1
0xc52719f124bf5367157c3522fed3fbc70c11544f,1
0xf14e18fc170ae91916b6f0154e5b9e8012f9a0a5,1
0x918faa6211e216c6ecd7aede6a7bcf6dd731b273,1
0xd9d480305850CC4218C0DB5499C11B9684cfE425,1
0xfeaf4d89d08793c971e7eac5b6d5f64c224365b6,1
0xf7315E64957DC3C004d48E9CfB6b479A95266666,1
0x8fa8181250F6961539a21B42B7697B8dfb555555,1
0xaD0bdD10c617cF6D02C2381BbfA17C965DB11111,1
0x05210c1b07AAcE987f5869E1F60e0458F9C99999,1
0x90d8a3915124D1b7D3343670a06c4d3C0cefF4f1,1
0x0835001cEC7823dFC41270Ff0c6551c3f9422222,1
0xF8EEE4A205fa55D5bDC1CA1df55FdC303019dE2e,1
0xcbF14bf87Dc3B13175Aad0A022Da054D65d303bf,1
0x6b6310a45B119E3f67BC428CcDD55349D1FE1CB5,1
0xA4953289f1ec4Ae0a67c7a8335Ea3957Db9E7e74,1
0x7120C53A54783c708A20336FfE3ba10460768147,1
0x66730901aff8edC38D5Bc5cEc1a5E0b07f0157b2,1
0x8fb49b7d2cdf5c0d446fb548799c705657a64257,1
0x15820Fa5F4cb14B424568b04aEecB914F8af52C4,1
0x75b386e168efd790ece74a24c37e0f9bfa6ef6d9,1
0x8f0cDbdF035AdccdeA0aE4E5Db2002d50478F632,1
0xc6258A14f4B57FC5F59703807c989C2D7FcCf102,1
0xd628045B1e010bb1365725b2eE0b8Ee997664007,1
0x7e0FEf1C3BF356F9fc0fb876FbFCaA9E53574226,1
0x910Cf57Ad87fb1aF2de5A32f43001A198c7eb7d8,1
0xcB7e86d865726Ba1d2AF9820192dA18Bad9268f6,1
0xf77378F08a0867c1310A3Cf7a671957de7976D1A,1
0x6a2a4E13630DE620933b702290dFeFeBC30B1c21,1
0x77E01f4EbA79A1C37CB8df348F12d803991D2E6b,1
0x2df5e4352D472018fBe2c367a0d0bEB638Af3090,1
0x4e57dcc7c1cdde7fe12cc6b5d6549e5dc211c3d6,1
0x4A1718FF2AfBeF4F59e469b49E6242BaD0b407D3,1
0x51894bAB233B03E89dbB037d36A7BB540B780cf4,1
0x9b5f63528c4a6b85391738622153fc4511047370,1
0xe2e6bd5aa448c3533eb77be09686e9289b74fbc1,1
0xe321b9782CCE6f3EbC6A96f418CcaD9EFfE649B3,1
0x193c3d8D0a219C832a6Beec8495A8940335F6Ce4,1
0x4Ca4dCe94db1d11c27De65a181a731203005503D,1
0x891D34b8381847Bbf99660130CaA84106605d416,1
0xf3d8b1febd477e0a67daee00f2a416eb9b59d9d4,1
0x8ab093a6f60f8f802cefa06cc41fb9ffebd37784,1
0x168233F7bb6BD1d90d0b0d3024308DF14f97a8FE,1
0x12A23b6F1113C52C8A5f91DCfbE106afFD7325d9,1
0xa596a673bb7A7729a39EE43ADAd50F1504B7A667,1
0xA7AFBc5d5F25e32385AA74390c4e66dfFD7013f5,1
0xB4DdE601f40DB20892129d4558FbfA7219f46E98,1
0x5e2F9d9759410b71CB684861617d3D2Af23375c1,1
0x959dC1Ed28B938E2E523F963dA705d254b9fbba4,1
0x23374c70609aF940bc77F6d1a4AD89B9C86D89Bf,1
0xacbb6dAe15531eDf8326890702Bfb2D5F5184042,1
0xd4ed1d8AfdD37FF169b6bB704A202be63eE847F4,1
0xDfFa432B7dFff812fD80327D84525ca4B5E884a1,1
0xE1433187fcAbA71e44Ee03A3946f7247CeD765a9,1
0x6f46cD856E7CB9c11Ad92Cf43bF5D900Fd56840e,1
0xB43c78EADc4Ad6c332A07768C5E0CFe14fA9D5De,1
0xe80CC909aF51492829dA686efAfA1B6e62A8FD2d,1
0x8C89C6CC3b51E9398ab9Ec4ec9E801C1D1C2CFc8,1
0xFef9bC6DDe7a73A5913cFa3B916d0ad918B27E93,1
0x8101F23DF6F9912F158D0383ad6904c774BEA7E0,1
0xcbf5E28eebBca656400b2eCe6548cA656714587F,1
0x8fd8ae51f56c9251d6f4d9a437672df7ee073962,1
0x741dEB06E541e51e709c4a7a91C3751d259AcE85,1
0x3f121F0b5d164A70D7FCfF358E827A9363AB0519,1
0x19e017e7f25c3d3df1861d053ce9f3ceb71866c1,1
0x4a53a832843a98CD47fAc2436a9E981794b13a36,1
0x07195BA1dE6B040198760BCDBc28C0cfcB6C9773,1
0xB955DB051Bf09a645c26730752E28F5E3776088F,1
0x89915FBE9fA1978E0053B5402e42077c7763c8e6,1
0x3d89bd549cb2415d970533ad99cca70715f7a63d,1
0x545E0844FF0680cd70dE36b986fcE7e7C44c6cFb,1
0x14b7D693e9C7BE9991560240876617E518e0fAb8,1
0x9Fcb9D7D65416E4bd93Fa10701F6F5100cF29ff1,1
0x275c8eb441e8170a2a8bc19525b1afb044d41cf9,1
0xb54dB1dE570A1D2D595Fb3ce646D08Df1F3B914a,1
0x61569C97F9e8ac0eA85960bEC4d2A66ff85A52Fd,1
0xA6eb2d7fDAFA32D6f561FAc1b3dB2cF7e0e1F903,1
0xbD80ae446A56A075C0Bc9D0Ef74A77270a2019Fc,1
0xe7ea055468b7a879Eceb6582fB4937E2Bb2a59A4,1
0x8618Ca2d031CDb97593Bbb71eFa736cEE32Fd07b,1
0x275c8eb441e8170a2a8bc19525b1afb044d41cf8,1
0x4f9a99ea74e82fc6653833870b3fd62f30d6995b,1
0xFeF478E1cbdc564B615FaD5a7B3695DC184e3D09,1
0x394b070f24fd830e38f4ed40ae6b13eafea5670d,1
0xb1fc724A10be01a91C4794c3852e8bD22a0c24bd,1
0x6468C4d0F314540CAf285B9be249d0d7f32Dac09,1
0x297559C7703ad4AaEfd6f2b815947217762562b0,1
0x8484E21C521D4945c88a6e39e0D76B7E6C333c49,1
0xdf80745a246dbf6b928e3a3c442e37b773a70145,1
0xfDFcE4363896E7c076bA645B5EFE2813FD2e1881,1
0x083b98F7a73751d708b18Fcd958Bc664596CBFD3,1
0x65DfA0F28B1Cc76bF8773fB826A0e460480b2f35,1
0xa53F511e9aeb088E17a2ef69CbfE48810EA60BAC,1
0x10b08aD2B0C790DAda0c3f90E8bD2e1A34749706,1
0xD15865e41AAC01E8739d813f4558f63FD6B22222,1
0x2bBeB5D7d88edFc2e907a86A4AfB3c21828ce639,1
0x96Ac4B4F2d3c33F296630a6C9FA53DBC5aDa041a,1
0xa5478677f3d8e885481354746EfC48CD14051b6C,1
0x4473c52056991464A952DdF839BD98586D1eF7Bf,1
0x732CF2a05a6fF352437C69CC9f4586Ae12741F91,1
0xE8025815821830Fc306BD509De2fEa39568A934E,1
0x2002790C47bb19F93C59a92950624197Bdd3Ee13,1
0xFB4B059ce85E4F5e825cbAB5AA2D7622C5DaA5c7,1
0xd6212e8Af69936c7607FA2d056288C87A982f7Fb,1
0x0162165D74930b15a7AD7aCc0cBa64c3BeA4aEAA,1
0x283057f273f248c8c5b9876349ed6fdc29e12036,1
0xff31e96ea3d97e610b9955533e694abe0a88a209,1
0x642aeeaf5682bd88EA22600A420DFEc324C748F2,1
0x4FeC2D876610Ee126A74e909c79fd9e25FDDb67b,1
0x96829CAC1F41c81D6fADFbFE3F72a7510692b221,1
0x999D066912D95BCC669f61a1B2BA087534B93685,1
0x4CBdcc7E2d348C7deFDB1340e4Cb0279D0160f8D,1
0x514Ba83Aa9d2559B36e0F9DaF0ADb61fB696544a,1
0x6ce6d4cbc5f640aa66704188c3d61c9ec39963af,1
0x94587ecea8970edbb39b6a1a58332efdfb8ec038,1
0xc49E5aec9112611863FDF6653bfb7397AaC97678,1
0x594d945C125917161b7b4ee044D637f92593F425,1
0x669631C715F098B78660fEc726a7e5a25499dDC8,1
0x1CB1BB92435E947f2E58Caf76d7121adfD205b86,1
0x0912bC51e7Cf5B422aE8AdC6327A05f555f33c91,1
0x316f6997a82c56cbbf6369b5ec453cf2898aec01,1
0x25fa9C6d6bc937d415aD2Bc13F0ca2c01F6E1037,1
0x7f68a87f1Ed1E855D4fE005c0510fC3F0d1423E9,1
0x07DCE223775f17D6d09dbC3241b488cBb1e6Ce9f,1
0xaeabadae3cc5f1d1a5de4903a195bf2796df3481,1
0x9B5F284FD3f9e9d35311d4061200873e817472DC,1
0xa0cf5c24a6776228a5525b018cbfd5a82a065fe7,1
0xD1e4615d8498fC55E21C6191582DC843D08F464F,1
0xf5640acf55e39da9c0dd670d7a5a5ac3815ffa55,1
0x5Fe8546B4C4F18d07cd08b0C7AE14e75D913a2D2,1
0x738C7910FdD0CF09943C313eCB3fA70Ac7fe15F9,1
0x32078b3d3fe846492E746E1927A4776C9c6Aa3e4,1
0x361004ff39529Bb59760C9bAfF1c5F2Bc9665d7C,1
0xd45A40a48d7A8A6A47932b2A4DC4Db6D55d13553,1
0x35bd550c8EC2e83dFd75B6BCdBB7455CA0cf8406,1
0xaaa60DaEb958C083938DB21078CED1495045F850,1
0x747Aceaa15Ad2Fc1D51B1bb0cC596e7193AE741b,1
0x9557adAfCB6773ab4FF2991F37BCa827310bd59A,1
0x9ea5a343a2db713de8ba5c3ffc62beaf1c44df76,1
0x74449240532fD096F6284E130F164ABc3BCe7B8f,1
0x29E2Bea1Cb750c595fF3f53624C938427851D2a9,1
0x7d61971fbaab41c1bb4790d3a8f385864892f929,1
0x4C0e40B4962137E631FF8422603961D9AB063BcA,1
0x324Fc0778119168634f93E099382581720219271,1
0x5C0Bb0160b6c7ED70BF5A1CfF315Dfb7d42afc0A,1
0x54958BC5f1A9a288138935BA2ddFD7F378eD0019,1
0x0fF6cc597913546b4289d52DFFefc36591DcaF82,1
0xf32431D78500A019ea2E885F74C5DdbBf6cfD7c7,1
0xc7996e40d227d05E617CBAeD66b69cd1B8a0C85c,1
0x4eEa1c67A8a3CbFa53Fe88b7b120Efa38F8c5cd5,1
0xeB8c67191c6C09c0B40191f51B3484907a63FC22,1
0xd01D3CF4f86B04983aBfA7c9B212b373E6ae6C5a,1
0xe3aF4a290c0f9908C2A0F1d5117bb62a8a937df9,1
0xDa02DF022D543B8B72213b8C06731eB0eE4f7E5c,1
0x5661fc304CbaeE874Ffa43a337D6cD2BFf222fF8,1
0xc2f9a13a92e5cb8215dcff4d38e3d549e463b16f,1
0xeA71c50389D51e85CdFd290e00Ee1BCCbF73e95a,1
0x2b92260Ff78f4C20f87978C4424a8bA691fd552A,1
0x5B8F04eC266553a40b8B4c6EAF106E15BC1c682c,1
0x356C2FC55f69c08b278Bbd1Efa4D9f79e32Ca16a,1
0x01f7d3ca04A5bA5Cc442C6210aA6EdDF0cFB317f,1
0xa6f6fe428C25a8441f836294C89Bc6100c7A3262,1
0x6ef9e009095ac2fbaabc53183a978141e284c3bd,1
0x6fa08bbf861c58dc925c619bed62b1ab1ee6dbcc,1
0xC8f530777326D314c04Dd0D3f40BBE61cB7fB816,1
0xb5EdE13dBa6333AfC2858d94Cd0ca28c758e5e35,1
0x4447e0a889fa3703b7f91430df34ad7caf152187,1
0x8A6dcCe7Fe8cf231367aa241fF43E151DE0D1340,1
0x270f2F857e07a525055598D42C1C23A5caBA4876,1
0x3B78166276cAAaA947056Dfc027023C132346F69,1
0x7603f1C7aD13772623b291378c287F0Bf99Bf49F,1
0x2Db6ED41Bf50d423B18049952c10DCe0e202B7b0,1
0xa6f6fe428C25a8441f836294C89Bc6100c7A3262,10000
0x12C6cb5197E4ed29a7b563e1e4b89f3290Efdd0d,1
0xCdb71B0Ec398595a5bc8fDF07A080B518f088b71,1
0xa7da05F8D6300848FCF4978d30D73F72E62e7735,1
0x3645DC245D504CA11F2f2f39B8F8ccc5669FbA9c,2
0x2a64E87470b6DF82033E49800f92de68C7Ec578b,1
0x0Fe59e1Aa77E38adf3c6F6D890a2e49a4ccb3664,1
0x1fc49bdee3DCd0C646Db0e4A0cbC4138F1C16675,1
0x4E883D54D07dD1255090750e05864289f71cf1C6,1
0xD317Ed36450D543Dc1301dCc7F3e025765D2B876,1
0x0bcA342106118fA68bEe464543D4eF3ACf34061c,1
0x22f5b329e6F55c8b4282420fFe0fbbdFBBAe752D,1
0xADBB11D3CCFf341224cC08b6349bdE0F4076852D,1
0xe9301Dc66023bd09Bb392e7f4aa67e893d18496A,1
0xcE1e9aC4648F3880d53cB9E272ABcB432d09c281,1
0x49Ac24a435Ca882598aD461b2718c9BaA793495a,1
0x6529182d97CE09C4Eb513B79d422f0c5d5fcccC0,1
0x4eF24dca6085Fc644dafb912Fa02e7AB389f5002,1
0x127a4606928661527FD45e0DC7CB26376b4e61c9,1
0xeFE40e61a9898596453a95705dC0c2c1B8905c5D,1
0x9Be91C308C8a0ff51FD78549a34d79f2caE33593,1
0x192B765AA5D12d87c7ff5Bc81BBb21fC1CF70bB6,1
0x99Dd521e40e5221Ef80A51fBcA693Cd47d48360C,1
0x11Ee720b732598C2a4945C403a975aAB3e976755,1
0x97454df4892a2673039d2596a975C04F1b30fcC7,1
0x84f6741A19ba3913FC3E215Fe426046C832D8D29,1
0x79b9845281a1A04F9bA0bcD1C532900ed1F8bB37,1
0xD1b5529B16f1DdD7bCaF0f1E6688017aC1c56D25,1
0xbe7a56e7f7052831C73002Cde02BaAE6f10A1167,1
0x7e76f16D377944a751Fa114CA36D9899f6FcEfDe,1
0x0F5dC0af857688fA6920b11144fead6906CC18ad,1
0xe0f0F1993B28ae6B26e46d666012EF719c4CfCf8,1
0xb1C20044DaCf9829c9bc8C6c27506bCC76bedF0b,1
0xE93b0AE4b3eeb9ada8A83D78A42550bE4C6222Ea,1
0x4b73D1439D72738c764113b93383C035558Ad5b3,1
0xAF0E86Ddc90E6c8d68875d8b44F660DF6e4b5157,1
0xe3cDDa806121d83982B376521524e5f2C339a060,1
0xa74F90670dC19cF7ff27536DAd61CDB82203669A,1
0x5368659C391Eae94A9Ed4d9d5Cb4762e9432077C,1
0x7aDD720Bd5D4707a77c6C4FB5501D650c318516a,1
0x16538e54BAB81D135fcA4ec7f044A99d2aCB20e6,1
0x72DFDA267bba6a534B52b1aD9AF9789189CC5C97,1
0xABfAbCaD81a34f07738d4Ff66CC886e0aA0fD0bC,1
0x3c20dc1455893f62cfC5D7bB99AAe40274792639,1
0x861975c623b17BC053D1eD16273Ea7765FE1F093,1
0x47FC158eD6e1aBfbA94Ef07C39d57e0b4FA8C8b0,1
0x92D2D67A2A4fddF909cd53E9ADC9d79D1669180F,1
0xc05fD55aeBEe823a15B4A33cc85c50d4549Ac435,1
0x8861686CdC70e4c3DC9a65da98ebb18aBD123Cf1,1
0xf5eDEBC122dD2fb0bf0B0113a4BF525A20B8fF7C,1
0xE07aA3312b5DA018104FeF717324bEA24b8156E8,1
0x4B7db43c7405b38226F972C08951345cD9b58CB2,1
0x273c05e67f8B341aA0a8eA52eB05aa30C81B0FCa,1
0x3A59FB264cA3386cc9fBDE4B19467544831DD226,1
0x8d846227815cF68358Bc9B5dB98ce7F97C663F57,1
0xDD559A940E08112138881A3BD532757ff2ad1D74,1
0x39c909379f14687356133ef2b1EFd9dBA4F6DD13,1
0xf593454EAa3D5EdF52a008370bBDa8d1723e2D3b,1
0x4E3aa3145DEcdab77A2241cCF9B722217C5dc017,1
0xE62a374f37D3a0166fAD85942Efd65acD88A6CE7,1
0x8fdAE78E9E149EE7cAb742c5e7ae0a67f9b4367d,1
0x0F5AD42301BcfdEbA0C5D94773E33C142FE7Cb10,1
0x459f746cab26Be1eEb6A4f9d0f4a5056Bb16E6B2,1
0xe033Dc35b401ec06487A9C7516FC995DFDbC32AC,1
0xfca166A1b16a5C4EDa74b2a3BDdb0CAD0E43235E,1
0x982b10eB33Ee10680062B07fb4Eb5d19d68656Fe,1
0x0E5C25bA8b97f70e83c6D22956AE00D93f671D55,1
0x44f56998853CC3874eB1307a80a9ddE2cB5A5234,1
0xF67aDf76B59cdB41c8179e3DA7Ce0A2094e34CEC,1
0x5740F581Af51913d5Ba4702d3Fc8533b7384b4B6,1
0x60e156763e2311E1db1625571C67DE337699eB58,1
0x4B6c7E346d2353428f20f42a9Ff00de3f12B9185,1
0x7c096B2400E01d6b4f403b175c8A2720E2895691,1
0x167F8846b4b25801713A7e15D1AB470381Fda707,1
0xd573C7dC53277fef13900e871387A8232fb01262,1
0xb87E50616359d47E03A37F2af43abCaDc298952B,1
0x8491baF8f56EC338F74bac7B13818109F117C0a9,1
0x0A4473de21bEf181Ea8f530caa56B7c1206896d3,1
0x814d3020809b7097864712cb11602f4B3F95cF97,1
0x74ed87e0077Dd84aeFF621b13c91f479a88448be,1
0xC9e2377A22b7B01eBC25B4DB14be8983daCDc6fC,1
0x673Fd9833E4662c4e0cB0b4aB531c1727ccDE2Eb,1
0xe62Bfb7EC28071824A1Ce5429776957D6ea17bd3,1
0x3192C9988F06bacb8034445A596257f7B01FC835,1
0x7f891288d962a3a3741F601F58d3F7018aCC1091,1
0x77C1368d1e4461DDfb12AEB977f2225C8bf652F7,1
0x13f835B6B760c3254f3B55def9f54f96C6AdF1ba,1
0xDA3c596EA86A9Ee9D484a352fe29B3E17B9ff11f,1
0xcb72bd4d672a280d073336243541e7779b26785c,1
0xc7756e4980d0c4503c75e499d1618f9f48b050e3,1
0xEd0A0cB939054B1E994B8dBc54718Af744860C71,1
0x9174B298249DD747079F31484E469f010B4D6cD9,1
0xdf76d64cf9b560b5a53a8ffdb5daafc2177f871f,1
0xfd80bb57b05ac53916679c1b40e126d6daab2f7a,1
0xCFa7Ab9aE3Ca70A754e4aA6Af2E938A24152dd75,1
0x252D1Bf33Da23783f114910d498F5C15d4fCEf27,1
0x98e4D080339EF27680B5e0C50C7FB4DBC1A53bb8,1
0xd89D7A23b9CEf77Df4Ed358CF20e270b948983DE,1
0x1D331DB5BE0B9031De0b5Bf553e333f6a3915c93,1
0x6817a039C351e978aD1Ae73d2F39C8561440ee4b,1
0x545419983ba9005F11E94CE9a5526aD4D3dB924e,1
0x9b3302dcb07ad4d0a7bd54f3c8a6724f55621217,1
0x404289fE9e860585b867537C91BE231225F69d11,1
0xDd3bA7235D79775774A7d37b9770C8e69F35C796,1
0x44478C67F6857b139d113ad18934e89bac9DAEc8,1
0xa0710d6b75f7174ac09b145458e41a76d6d59f2f,1
0x2CcBC1B7A73382A57F2E19A79bE19BC8d9863e96,1
0x2A8A43b8f1f34718Df1D0d13F72AD32581F2baB9,1
0x12F6eAC6080aBd0c740638312a9dB21c3F216a3c,1
0x99a6B6b391D47Ec7f4500d7B604d20B14D001e58,1
0x555D9C39Fb682A0B6D336263dDFD25080EfdfCE4,1
0x664b2991409943c5f3cbca944c73d56ef393a4c1,1
0xa792dde43be984e3630719ed5154bef01b41c6aa,1
0x000000071315588B34Fc29d63B7494b614e6FA85,1
0x375Bd88C6c343ab47230e60b2aCaba4157637034,1
0x7EBaAd92A073C606dc17FEFc5Eb08E06566a98F7,1
0x000000a584697755A0378444f34FEc06229B7E38,1
0x43f3012e7989541eF583821e50544e4f86Fe22d9,1
0x54d2cb8fb1646668709f8342f6cb166a901090f8,1
0xb2d46Ac3896c9D86C02D52aD403984444cEE3D19,1
0xd6c01f4B14250BDC31c93EbA5219c397156eD32a,1
0x0e15e70f74e5ed138d449e868def1415f9a3e24d,1
0x13F54f73474EE7Ba8f9c34Aa3bDA3f8DCebcC9d8,1
0xba364ccFC8aE8152034eB0eF87CBa2f00496247d,1
0x775E58464cfaFFb785B3659c00D4A60a8633CC68,1
0xf13bfb9ee974e11fa1daaad669eb18c7949ff208,1
0xee891ca02f108cf5b778c4c82bb74e3c8b0271a9,1
0x251bc9607f5098Bb954942731136323664D8829d,1
0x01DAc2Da58c5F335958964C4488C069928e30E76,1
0x92E7e398141cC7EBD6F30dE7De79a7028baa3982,1
0xe9815bc17f4c031265382c38252b438b28ad2c4c,1
0x7C9D34f49a1443F57562F0E3f1D13C056f4713c5,1
0x868ebd386a8c75d6178006dd76e838496be4af76,1
0xEFCEB403dB3D578bd0225Ec5B65faA6114cC17c7,1
0xae415875Dd6B09756D4786f4C93510a0cc5b8dB9,1
0xee647804F0d9D6bB22CD31E1dc241387B9A57010,1
0x9621de4630a891cd494d316dc7a3099b0dcf5474,1
0x9d0da08d755822107676c7f6535e1be89aa9f5bc,1
0x8fe069f561c9f7e0783f536df714dbacdc59c903,1
0x35D4C762eAdde62037ce52f6FD7C155Fc1897caF,1
0x5FB78fF38fBC5987397A5E45542593Cf9b7dB569,1
0x5516b783E4F0bB96c73E52Dc217228F4b7910A0c,1
0x278D79CCEaD22bb41eF6678CFfA356a0AE4EE570,1
0x7ee57b78cf45e5df482afc881f2df303ddd10b36,1
0x3882F4a33D0E15283a99AA78C52A2F4B61F34d5A,1
0x547058fa2c17be928bfda16135c3685212a300df,1
0x96537a0F15bBBD022A74bACFe5961DA0eeA03D29,1
0xA879B5Dc21d6fC8f02628f0711B23D4eceb443b9,1
0x8E26621ff3d8005301083FEf466F6CF2544c0930,1
0x8db4181bef9739fd56762774bc67719526adff5a,1
0x7441f6C6bc5F3d15Aeac622E7CB5A2a6015Db8b5,1
0xE26D18de473736ae45bE8043185Bc7a5C19F2d93,1
0xa553fb8f625575ccead78b08991e9d2e20a40843,1
0xDc7d0b3B85eA9232161F3d52E66EAf20ed59964E,1
0x1088771167254167dc0628652ee3a046828f96dd,1
0xf9f5b3e819891CF27Df7a008Ba6318fF2C302e15,1
0x750b8810270a8363565Ec37AD8366D5fbBFB3736,1
0xc873427E794279F435F3527270E270E8Ce0B1608,1
0x625B3F3F66bCEA1fC1f3C5240512600aF2236FF1,1
0x335FFE20535C051Bf69619Ad2a9Ad11B1b1307D7,1
0xE878C61D69C9A1e3108Ee19dcFE8F8AFf3ED67cF,1
0x313f3517f810990FAA1407fd9D01BA2e6e2c7e20,1
0x82F6F9E103f1507C593fA23c9ff68BF5B11Af83b,1
0xA5b9824974Efa9c7B1A6a2a0dbf7b13C8D923191,1
0xFBE623C4b3Bce015D78A8D9a86869E2b45E26e23,1
0xd97dF01183e130c17EC519794c6858764B4527cF,1
0xdcA305C328b0918743712Ad670C9C72fc384a253,1
0x4f1400172690be90a8cd14a1b7846ca8c16a45e1,1
0xDdef773ceA04d781F90984c05B827E7D43D6F50E,1
0xAdC034428235cC2635D998D75A2a3034bD14bCE5,1
0xa6f6fe428C25a8441f836294C89Bc6100c7A3262,1
0x8d14509d87C0690Ea62e383Ef281294440E66C8e,1
0x5c83b048229536E69e58AD04f61AfaDbB693ac76,1
0x2eA635F3FBD75fA29EB7b92772F3F5C5395E5760,1
0xb0c9117B58dcF1BA97c7Be7BB3102b0CE0a0050C,1
0x47127Bc2ef0D4410d31798FeaD3DDc4f609E2Fac,1
0xb8EC5927246abe8e37e342Ca597B48aB25ee6Dd1,1
0x3bbEA3B7d5F9166e0b0D65B2266963AC3887fc0d,1
0x6f06959ff5dcb1e166c6fc6ae16243cf14fd397c,1
0x4d9e8ab202fafd8034bd9782763a21100af94ffb,1
0x9152d35e06409bc8e7a02fdf8cdc5f29d79eba5c,1
0x450af4d3937B8891DC4f4945B1cf3Ffe90115bF1,1
0x1Cdc37a346A7B959ca49379783F0fCe6dd22f674,1
0xaa46E8A877B70755F81F438953df3E19B6146f32,1
0x64fe5a59d07834e15e22ac1020811a94ba080e20,1
0xef3b4c27a75aeb7d94535b84609be27d81d44737,1
0x818ACE6bB9aB152470890bF8e60210842fE78Db0,1
0x20D22d2a6Fe387b9234E1277d14Fe824e66049EA,1
0x8C7DF6054c2e0eb3Ab35e1064500eC1812930200,1
0xf2E23196A7d7b8114e3dCAc0e2eEAcb5CD0839De,1
0xF6425A2F3bE9d9845CF1566dD22308d5C5111F59,1
0x0d381915969d9dE85Bc692D1Ee45D567E8Aae99C,1
0x6C25F120Eb1E8BC6038cC50F0cd7Eb0E901A763C,1
0x62dBEa25C908F84B78d7Ead342BC6c40c92d1f97,1
0x47241a8dba9ff900392577e98e98b6b57d6a6886,1
0x2D9adf225f707119CF74565c9F0715F0c37374Ef,1
0xA491f9A301917DA81796D28bF400453d05Fe9244,1
0x6952b5EBb2a0e691b55Dc14335b19A75677a678f,1
0x48aaa221eb244095a75c02e12cac893f9fa41643,1
0x3bb60eddda61b8660baa64014ea75d3954d91938,1
0x744999Ad49421AA15D18B55FfDCC7C566c9055C0,1
0xC01CCCcC81B5B33022fCb5fEc52d1F5FE90281BB,1
0x85591e7a281b7B58679DF8D6ecc1d810af6cC7ED,1
0x1162A1B4BDd0dB9fFf1dEf0A1584391AC846444F,1
0x26a96BFEe7cb6A468e29fBB725f84892393a0D44,1
0xa966Dba54Bb0dCbFcd830395994567C0587E3B3e,1
0xfAad44907f6c6f8B67C200192781C268703B8E9E,1
0xC7F4AE47Dfd07bF6570e1b5B5e12FD8db203C2D8,1
0xda8fD9B0612564A4c5adfa6b7c3a61c523824578,1
0x63c43F4E9498fCD9E2722c669D6a72DF4B888Fbc,1
0xbba952285f6d9f06d15afec0b023161c30c52d60,1
0x35846dE88871A1B89addc696A5344E5C38157cE3,1
0x7e59c2E03a87Cf422B862bCe00cc76AB2C4E8a2c,1
0x3d0a7236cc83944159ed054c5f22102894acfa1b,1
0x4376BC58AD1B85cb1bb7690915fB7E4431F78914,1
0xf1d2F45110316688C197Be1af3aa1aC4cC18Cd9f,1
0x8ada33fBa2E7c2AFd43F4E55D5780DB70b9A286B,1
0xaeb8832a499de2bf255D99D076Cd5869A32ab6D9,1
0xAA53261D324bd7b3A866ED1f7497b439bee22519,1
0xF251Ecc3E9dF0e7ba17FD54CE5837A1EC96dD7bC,1
0x43E58BC5a519d1cd3F7dD74d204BfD385efC951C,1
0x23Ff095cCe591D705860c20A53F90b9ADC222209,1
0xa3677098BBEF70f1bD4b2fCDfF435bD6762374Fa,1
0x35bd550c8EC2e83dFd75B6BCdBB7455CA0cf8406,1
0x4f03743A7c1D9bAbcF59c2fE0DD5523B12443d71,1
0x2B9FEb9839bC42345C2c1AD5787784eE3a2Ddc56,1
0x58b72956e4de9e243c22f736196c1820724f0904,1
0xFc433a8b9988AE6c0351Efa13ADDEC2B47944631,1
0x6C72Db7233D32A0C46dB0615D9d2A5c7909d7a3f,1
0xDed6B3573f61fd587A5Db57Bf096C050b1143177,1
0x345C863f7D135946092da7cDaD5fDeF1b152F249,1
0x2CCbDdF610Dace745F5952BD7262B1853F1c5573,1
0xb89b5e82750Ee9163f93D4d74dd714849EdF43Bd,1
0x2aDe1D0828107682F4E60f466840e188B56EC826,1
0x541Aa4259b2a63048DbD0168e67dD3A1f67a282B,1
0x508e116425b23EEB12CEa556a0e2d3EaaF1CE946,1
0xf400a7724e882decc419f23409079c6d09ccd9dc,1
0xdC91FDbf1f8e5F470788CeBaC7e3B13DD63bD4bc,1
0xB682C56028f77de30b10d43994449c280D0B2F0d,1
0x4f012F8Aefd3440a46771FA5EA47a0bdC54d5cC0,1
0x1317E00095313C3d297E8D16dD5835dD4F2Cc602,1
0xa97dC18FE0223b4890590F143458493d1c4E3355,1
0x313D51B2833B8f5d184b5d31650A6Ab7Fa9be009,1
0x4cea4832ec4dc78594021beb45a3ad0ffe685b63,1
0xD450749Eb0e0d8f8b76957D5Ef32F4964864cdd3,1
0x01c5a39ea63dfcbf62f03282a413f1d5313e98e0,1
0x1A4Eb3f8Eb206194C4b81088F57a9463db37106B,1
0x331fe9f06431aaacc26b7253f1f046310ab7063c,1
0x36B829e06A6B7Fcfb402C2d7A269C1e64DBf77aD,1
0x4Ab92afe984249Fc4431937982Ec47E1E442ea1d,1
0x4113189864b3Ef49D89554FA0f98A5B5e2aC0cFe,1
0xa1f6b12e8bb86f8b1bee97ddc4e1d940417e6726,1
0x1A9c0A0Be65Db00766f0949211Cce2C56D8caaF8,1
0x6f6A09D781FA217aDe765ACa417961544ee57ed0,1
0xe527f8eB96Cf7aC7B69268e4A343AC2Db7530fb7,1
0x182847049464E8ad59C99692cF772b971f14Edd6,1
0xE70C7A433540b1b50FC5FE85D045d1CF827Bc084,1
0xE4fa8384631CDeFF60dBBEe8Dd9Ac25aC644E2e5,1
0xe46e78D321a51b5d53a2Ac412f89a384fE210f22,1
0x868C218C46db69a34eb0610E135a1057F908a26E,1
0xc68e23ddec7bf88e7f22e052e6f456617753da2e,1
0x1a04a21EbC96b20eDff8b78372265d0D3B5f2bFf,1
0x7819ccb0C63b557649dD5af358FBb210EDd534C3,1
0xb4eAcF57FE639BdAE0103bb0a61E60B5AE3e9Aeb,1
0x6Ae6a4b363d3604C5E8d48F2397D6E8b2a767118,1
0xc211cAb9073De07b8C547529dF82a889b4764CdA,1
0xd8D2041152BdbAeBD75c35E8f1A6083D43DfE14E,1
0x688e657f845AE3Bc245a08a8270d8CdbC961c2b3,1
0xEbA7E85f9e70C1F013c33D1f698f2a27073d5f5A,1
0x43D3B13033da6A65024056eaF1746a620F1Ef139,1
0xE2342cC44efAC823c3f98010ee0011917734a305,1
0x4024c5268359f091f57b735889fcbb4d930944dc,1
0x970fbe98dd09884940cd8c9cffe54f649863dd82,1
0x33922D8EE4b3049C9784d6b5D8F397F481B98802,1
0x04db4fafbe8fb092798e579f4948b17b42952c41,1
0xD0cC5f5cA3E1fdc7B891F0813E4D153cA85C1fa7,1
0x4702CF0eD0fFeEC68f170c3bC3C3fCa9a58ED1b4,1
0x2497011dcea9b19a04b0272e6b5b062ed0aa10c3,1
0x9dB99AD21DdC7dB100ac1B33494198cD223C9469,1
0x4ddbD95228CCC995098Ce067B0079C5d4b7c55ab,1
0x3f121F0b5d164A70D7FCfF358E827A9363AB0519,1
0x8FdDBbBf2D18159B14fe53041A65b2a890ac3F48,1
0x9540Cf019222BB1f7245e4047625369d2b56FF23,1
0x5C0Bb0160b6c7ED70BF5A1CfF315Dfb7d42afc0A,1
0x42787a9dAFb412Ffd309DA500cb3F0dEFab82052,1
0xb21f2d9dffd2634ba05ecc27cb626918bdec6fe5,1
0x0dbF83102D2edb0F6177579342d24585BA9311C2,1
0x0578B77Ad134CC3C8F6D8E1b44Bbf5c8Bb7cCf5B,1
0xbf249A6B5d02b54336B41Cf2A9870773d4a285F9,1
0x9947E170A76d466e982CD4FDCF1B662b356F4d6A,1
0xf8e9D2e97fA89FD21c03409262862edf0BB40c1f,1
0x0d0d4E5fFbF188D6217840f6d6FFB14590454937,1
0x3177Ce93056a645d58Aa2f70b1CEfab943FE5416,1
0xEC670a7Baad0186d39E0F50d4315ab1252d8ADBc,1
0x5C18EC120eCc2BfacCC7C09cc1A41860fD163F5,1
0xE109B0B45D1641d40f3E715Fe9560acA3fc876bc,1
0x8ed3230719DBEA66b65Bf60902657efFfdBEB70F,1
0xa4d650a2cb50a8b51ffffcf51d4fca58ec662cec,1
0xf5fE41873f14d91Fd6C266884B2520C27568dfdA,1
0xc321F8C1CD2056ebf8cD50A95f555152F8d99953,1
0xA9cAd9E3cc3D653D3AEd71BD07Ca644Fe2174Edf,1
0x3e2613097cf934f39d7c0954cc3929a5fa3f9fe5,1
0x05DC3737bceF4942eee323fE91d38A536e071122,1
0xdDF3a7675716ef991d876264bf6134eAe8c63c39,1
0xaeaD40e4b95B169E2BE0E238718C6a66eBF1Ae2c,1
0x1F98F5DEB986f37ccCFfCc17977A2D2C41dd63f7,1
0x79d459C0648024a35B6D22CeD93Ee70e96ABf245,1
0x75b5E4771A20Beb4b2441a8909347d2997332C7b,1
0xc4a4F89F27F4529133608CF172a8A8D08F11F982,1
0xA66c7E79Ee7D1a1aea880207107625A5EDeC8162,1
0x99cC55F6B33b7D70eBdB0fF6d14eB56aAf3487ce,1
0xE863E860dE724C2AdE6651F5B7f3Aa373f7E9306,1
0xf0b5B520F9d67bfa65BC48Ea93473EE974553B06,1
0x000003D7424C35A79704c3BBA5B9825D8533228E,1
0x2732F7834d5De10b0C56D0D1d4223b053b704148,1
0x0D9de5339438DF0dbb02Fc2a058fD992305EAe67,1
0x7cade203fab8900db0b8d9e7f8eba903011815ed,1
0x3d2d3b346bc68d3c55f3706a6b82a87b7353cab4,1
0xd119cfef25c1e1f9ce337055a055a70693c7345b,1
0x4b9C384a5aEEfBeE974eEbf469d443a356927646,1
0x373B6573e0399AF2B0b0b074e06A9ceF68ef9128,1
0x99Da39Af135bbd369C034c3c83ac8534F71cfA92,1
0x9A31ce9C36ABe7b67FAeb54e130163fed83fa6E1,1
0xce151F1226Aa865A9Fc4d1Ca7FF7eC9175629309,1
0x964207dF8C67132Cb193050250e575AcccF2C274,1
0xdc4b0f20621c6ded766d5321fb03e763ce4f157a,1
0x4524EF7664C85aB02B0061622A0Ad9d3d78F20Fd,1
0x70d6cf42f40f682e3d1c4b42298288e22f9d9303,1
0xbf951ec1814f77cc0304048a607f1f3b1eda854e,1
0x11E95F016cF2Def1Cc86911D758656Fc93Ef62bF,1
0x987ec610bf42Af0BaF55311859aA690E5f038dC5,1
0xfAE640eC58E5B28ceb3c602c5C31d694D32a1113,1
0x6a216edda2d855b2fe94187f0686c987cab993fc,1
0x1b21da4183634f446976b8f6c6b22f44f3572466,1
0xdA3d7DbB9fe32eD3b4455BA0507B9c66B4607710,1
0x15a88b427DC2ed3EE61998c9e4D1d4eE2bFD5103,1
0x7D2E36A8cB60a9fF9f36Fe1dF385bdd5de6D4D62,1
0xe4321f0aa947479a2aD94DBff687a9c260c1a70f,1
0xDB4728C59De1adA5AB7943378A12673735499b23,1
0x3c638e9A109598a900296cB5435A1F9b62f03646,1
0x83242960c3C8d8680d9697fd8E2d424077A56cF6,1
0x0Ac7fbd8180921c586b54d6c4D9f0a0D3E3A1140,1
0x5d62dae93Fc8DcF5d87b67E185AD5e458aB4b824,1
0x892185f3a2bed64b2f2e386b8feb2f1a4e8cb90e,1
0xFB696918125Dc790cD7FAb4985fb4e275444E88A,1
0xD30C4bD0bfC18cd1B3b3664E638cF06223F1a0F1,1
0xC0EC061Ce4A38Bd36CBa394752fd68EDe5E27e3C,1
0x237C9cB241c350f2F03Aae250949db9B03d3d109,1
0xF9a998e367529f6fC8505ea9496AF32b9f5e557B,1
0x99ea3927020C8C1E37C2Ba57c57C9af7C48Add81,1
0x87AfB2b8b18C4e72D649b38cD4e667678a7eCa35,1
0x8434885F21359dDFb0C96861bfaE0e8b9e8075B9,1
0x7cDA9E29479A0fa82D5b95985c78109d0340812D,1
0x99c45ca7d61a22345aa7d564b12cafb44bf4b093,1
0x847D097ba5c99156A235C2f9eEF2e1648d23c355,1
0x365519f3322c6b6668a6253a7002b2b25cc41a92,1
0xb47520aea870c3fb9715c15fdf255c435f08c6c9,1
0xd40bf510e852938b9C0dd4D898748d6023598C55,1
0xDAC7A78E8b433aF932df517830202dfF6eE97b97,1
0x112DE0d91a911a56313024B5543BE78cb859aB72,1
0x76Ec97DACa034E5bAbd29009f5AdBF6065f289b6,1
0x0000083f8C6EAFDcC5BDED356B965f8124c724B4,1
0xa4b6333440D95d0130999d3627fd1A3953c4609D,1
0x046575825a74e07cdd5b7c70e691a2bcf585fc47,1
0xCC562b75D4c86218e5215AdAAb5a8784883bd76C,1
0xFD8F78F708B8b0B768204FFF10ca83FE46f6A391,1
0x130Eaf5Cbe7dBf3F61663A063dc27672603d3eE1,1
0x30D9Bd05881E94297A3f114410d97063eca4D40D,1
0xc98b6dd2d1197ea480f7f598cb3ba5dda04d2e86,1
0xa768D8703A66F06bA398E785fBA37Cb39AE14e8e,1
0xFEdF6Ac3022BBa3Ab4fcdc973eaAE88e9c757657,1
0x1d08E9241f35B5F92B0A0a50C53FF02646125110,1
0xc180603A861F72FFcDb44691615a96c91380737d,1
0x4aab736c9612405951da2e8ff76083a3f69368a4,1
0xb89a5A9f2Ff7B89b7c17Eb7eF2B166B72a3a8F6F,1
0x75f0b45f101E836765F552449940b39FAE8FD832,1
0xf6d1e7a7588f7ed9f2f9e598560e1b8f4381be40,1
0xAc712F61eD87F59a651A971D67EEd6e958b10c43,1
0xf781975ce32111be61F700B31f6124728A2b9d2c,1
0x1010bBFAf58a698Bb071320d81eE0A63022bB593,1
0x537e8e386340E6f582d9E93460BcF01a7985B0DB,1
0xca91261486d0c2f9eb4a7e19784AB558C9FeF64a,1
0x8F01A278eB37207b5195bD88544FA820A3909a69,1
0x7086918cD79Db480cEEF0eB473C4290936EA40ec,1
0x6870B862cF18dEa220aa1756af27140F119AF919,1
0x06d54a71564b782B950b6D60EB5DdC76585C75C8,1
0x6fc54967aa9fc8d722a773e60d721843b1f5aba2,1
0xF1CC1248F8dC5c40ef4eD25bdEb7fE77625fBb0f,1
0xDA24aA83ef7c1DaAad3e40c8De2e4737908BF636,1
0xFdd5AaEB514F2d22CFd1ac8BA285ED5b2a85cb0b,1
0x777a1bf5d9588d075fb24300380892d2db42456c,1
0x4d468bABffceF0C72375fC946140C444c53c88e7,1
0x1bbae0f513fb6f1dcb4082696b99d50038923dad,1
0x6A88F74D4dd950A59be2823b8E284C19d50E07fc,1
0x44f863829ac3ce8648556dac872d8b9bc7609c2f,1
0xc05cC603bc49e772B23D1fB5CE1064D54df7ff72,1
0xe84bfdfb5d1c8d16b47fc6878cfa92429b661a47,1
0x83FaaDfC26A468E2933Bbfc32074553B529AE481,1
0x962D5192a387FD3E114dA1c82180ED0EA8D7060c,1
0xDA33b6304742CF97665e70737149F468C8c3F379,1
0xF1F5187c7c9d1e81a9c975c641dBd27631134057,1
0x7a7a2003aB5706818458854086fB2666583be5Fa,1
0xca8dCab8Ae2ca6abdb78B27a494cB49d782b8500,1
0x28b8A9aC47E3E43e3A0872028476ef898055871C,1
0xdE23D3D82765B670B55a685B2957Cf9e8c577EB4,1
0x7037ec4303dd82ae3c57e37774372591a6d64093,1
0x4e6700Bf44389417D910d622Db9Caa3C01caBC18,1
0x773b1acc268f8a0c6076752fcc042bab87597718,1
0x525327454F2C07a2539f2aba0238B11F41793f90,1
0x8270298Caf64dE076Cb632CDcfDaa80257559D6D,1
0x2F53e355E794Cef4cCbe562d4AE8C1Fc2773a328,1
0x18e77d3c57783F91E61a2637a56f8d6f028b2f83,1
0x9b0e826baa5e93c7eb3057098ea968785551c38f,1
0xB54A01c195bc9216B3531e7316ff0Eaa426C3102,1
0x1036a290Dd1429564FA3A7E430d65087CDFBfe95,1
0x4b182574E310858093D41EB6657a61dA4960b84e,1
0xfed9a483565013f9495bf30857376b1c848e8dd4,1
0xb7a62a6dF897695FFEab9f12a4f4A5a795B8a737,1
0x5f0ea5ee8d2120f98e891fdc834043f90528e648,1
0x2c4c7edcba87bbf1d52eda02d573a90b29100c2b,1
0x9bE08bbdc799625F5CC1A5ec517E111E7c8c5975,1
0xdF4fCAff2233A58535b670eCAcFc354ac8966174,1
0x533ef16ccd3803dff50f7c3e46dee2fae80d386f,1
0xDfe33Af9Aeb60478F6913F15b71e9D5cF3AD5357,1
0x124A82Ef36B67610E94bb7088fe8B1D754De582f,1
0x98989B5F8fDAcFc3d72e5ec7D94e34e8a95B6464,1
0x91304aBFaDef5e03B1f432b11ba81405D9aa600a,1
0xEeC060A925A927ddF83Ff20826576B1aD7400FB0,1
0x8450323fAca077eA6F8f3FA7f8eCf85F2F00823F,1
0xde35a36cD873d3a781C4dCF46f962EDe3f7F8e0f,1
0xF894b05939599C25cDD3e158111F174abDBFc469,1
0xe34923927C6A7532137D38FfE9b003Ea12544C72,1
0x7D9443dF1AcfB1e9B03CE0c647E3C29D1579f892,1
0xe97f0dEeB2925bA95A61ef8f35b0AE5958764726,1
0x17F1AB3be940e1Cdde69cb7C97cDc4F6124fbF5F,1
0xdbba8fbc007751bca53Ab22dfa497612F69C28c5,1
0x1ef9a28C2F33b8297A5a687E49f3FEaF14c8a461,1
0xC7f783757A0DC344111ffc84620738F13510eD18,1
0x6504c0f742020e3Fc893B0a9cD7f20A25Da3fC91,1
0x07995495F3737B43E5f394D8eDFbCbD9cf700166,1
0x354BE9e64769AA2b6cE65571b135E4593fbC77BB,1
0x4c0F108261cCe4527cd4C9c960d1796bf8E82987,1
0x551ac19884647e786aa34a5d843b72674dd2e4b0,1
0xed3f32CE9bDDDC3341d78fa2e5286054d0D5e8b1,1
0xBF5948139FB690cE88CF920E7369F98704FC9955,1
0x2C6f9a0D6db19Cded73e17e13389ffAe588e3399,1
0x5B218D0d70737c7B235f8AAB5366A1Cd7E0E9d54,1
0x659da1f3ceb96aaf69ed58ffbd59d7646703119d,1
0x2D7D1e4C89a0a2BFB4A4A7dDe09Bd3054F3D4e3F,1
0x92e315429c26aCe6CC6Ac8C9B71379110Eda960A,1
0x4406D8C657Ed3A6dE47ebA674A75c1702Ab77c53,1
0x37f9ceb769686A431F6824fC961032D28517d980,1
0x03b3F736737a6430481e491FEA657bc190aC59e6,1
0x79000f1d72A20cFde9D667a6D9DB458163375EE8,1
0x686943D5EA44d53A5326B42d706dea6DAC7E73e9,1
0x754f459FDAB3BAa00b72845EDE35101695E519a2,1
0xE9b03B9EfE6Bff4b05aD8c22A1ead469BE12027B,1
0x2096D113362Ab01e10b85EB87Aa01EDdC3Aa1301,1
0xa3aC1AA03e46D2f987A7e5a6e621ECe0c526B29f,1
0xa37d12668F9baC761c8624b88584F0b2E70855FA,1
0xA8E45CaF77431182127C8DF10DA2E0D59bF9c507,1
0x228439b5f2ad326aeab648519d43a207f49d87f6,1
0x66CFf15313b5beE663D55cac96F45AC12AfE9481,1
0xaccf3b37e688c5982f267f6f66e3beea87486425,1
0x035dd5668D8A718Af300A93ca72ac5fD63A4E5BB,1
0xe0D074e638DE225783282a38F391577bB5AD3880,1
0x3600dd43b4f589ce48e707846d33bfb3cee24cfd,1
0x3288aB665Ff00b01a341C830b852803C31F31D5b,1
0xa28ba0d8fefed47fc1accef68faeba3804309480,1
0xb566b279D70D74981bc072191bDD4F530d6F9304,1
0xA8Ef8b6A369Cf07f2bac69e7A130EDd4dD581Dc1,1
0x0b2829c661113d2aC83727615D2Be9d43B081dC2,1
0x49Ea49ccf52De30877b5ff6bF55eC810faB95a06,1
0x0b515e30917e2cb99387F78Fd1d6586C42d0D68b,1
0x7F25a10c56ba454313d3b5fCF24ca194A0CCEA59,1
0xdC5cF6A1a8Fd504c42aC64Bd312F83a57C0FE986,1
0xA019290A81F16D80201A971Cc81c3716a29c5886,1
0xfEC5D92201462d009666632dFa46bF4A35765EaF,1
0xf5cC1ad7b3F8fea34dfCD60A6c9BA7466B9E1ca2,1
0xcCF4c29720e94331a90174a720bDC4fed0c762C6,1
0x52334c23539324428A60bcF10ddCde1F77140588,1
0x1f137c4115cd24956d5fb94ff47a3fe39ebdfa13,1
0xd84e6626220184bc6D135f39D527B8F3E31Bb16e,1
0xD5E970565686bC05F00A108A03359F21B44fe684,1
0x9A3A6254130b0642Bc939B0A0C12E37fcf084602,1
0xb6Cd62F41aCE7477Aa337e5B29E1632147f954c6,1
0x3FD564A4dE0075a4E80488E3AFfe43F93fAfb21f,1
0xfC9d7069bfcaF639D0fE2D47c854a5fCDcf7E5F8,1
0x7E7C65c3c0FF7b87946655ecbBfbc7af5239700e,1
0x0AE81f522137EEA28a059774D467Cf9e821DECbB,1
0x2CC3e4f149Dc5f82dE67a8E7B81AC8A605962d82,1
0x74e5B751A37f7102C654bef1B8491EdCd4988e09,1
0x8e5729e8a3aff49fcf5fc889d0943d38e3691070,1
0x8B38B3C4910708Da727C4499866bbe0B0902E452,1
0xA6E378e75E45B869a220A794110369DcF0BCf459,1
0x7855105d1Da8C261E39d200C56402BF251e46c73,1
0x08929395F4A81C38B56581eA405Bf5Ae1146C6c7,1
0x74449240532fd096f6284e130f164abc3bce7b8f,1
0x99998eb44c69B18f7c3C49D9B3e8b2B3A3F8b466,1
0xf6c2997ffF7affe4A7601988539089Ce3af9DAAe,1
0x7B4135B69eaFe7A1283dC0982e7D3cAed473f0AD,1
0x9656Cd0C442F6Ada0801335514b8542A5aE1F2aA,1
0xf77378F08a0867c1310A3Cf7a671957de7976D1A,1
0xe64F3DcC6979850F51a8c7Cd090bC231648376Af,1
0x7C69abd9f0798ae968E20CFAd91DC695B0C29247,1
0x741dEB06E541e51e709c4a7a91C3751d259AcE85,1
0xd4e6566d0ea6ac0930dcd89d7fc710ce75fb1fd0,1
0x8A9A233ae0AeA04f89D87836e9cF2d46AA2E72be,1
0x6eBAcad601dECdB4197312662374E0e1BAc1EDb6,1
0x25453eC45665631A5b533786A36A396c14c7d949,1
0x29E2Bea1Cb750c595fF3f53624C938427851D2a9,1
0xFff766047A983e49917A985f85837D9f8Ddc4808,1
0x80053046528d8b004eb34706ed1356f7cf6b8fd4,1
0x6913bE0821eF4a1C88b01c39ce2f91b6d78A4750,1
0x18043ebf53aF031043b7e5dF99Bb1D1b50EE85df,1
0x0000fDC9F77e5386f260501C34A4a93314Ccba2E,1
0xCb433105E076CF42FFAAb1e37e03755287f42DD5,1
0x3a4bfe179f2d259e0e35f67f99c13484476ea2ab,1
0xBFDD7018c0Da24740806d2eaD32FE8f7155bf0eA,1
0xcCba1A8B7D9b8BFaA3CCdceE75B58588DE4455e8,1
0x459431b3017ba7a8f5e634725a7282ccfb10db79,1
0x1Ac40FcC665b5461B7f0c4123CFa0239f1e18752,1
0x9bC8c8faDA522FB6398328C4757ed03AD6F54F41,1
0x54852a6D9585266ADE94C46DA26417B31Eba4B11,1
0x191188B5C03562ebCa9d696e65601436DCFAF646,1
0x45b41c3427643018985eb96b1d3b6903338aaa92,1
0xE5380C03c4E21C146aAba503B2Df237A15Bcd4B2,1
0x841d4071717c84f7f8e448d9675ab2f94fffcbce,1
0x49084A8D580ABF62aF75CF87B9BF4dca66C26558,1
0x375DE1Cb18882D7960e9B7E7FeAAF76f7a85cdc0,1
0x243754ac98D46025C650b223a56daCD00481daD1,1
0xe7874b8fd44f845a93beed5c631708da780af64f,1
0xdd3d9dd47179f007c9505d074ffa8f46f2dbfffc,1
0x5988ec415c10342c8cdbe1e74019e5a4fcd8b220,1
0x137fAD00B725BD5aE02558B48398252D4f3E89a0,1
0xDC72AB6d572fa6c703A5D02B6C47f6C7D59bFe7e,1
0x595cfcb317c731f82f29c58a80485b777dd08ed4,1
0x9f453be6c7D9221F14239167034Bc36a890851a9,1
0x40B3855aAEcBCc54cBa5BA50b1DeFc08e6D1Cb13,1
0x00beeA7314CAc43aC605C64f0C97bB14cDEda0a0,1
0x43A1AA93E959a19Fe8137115fCD6281CB4cDdA7D,1
0xa9072b5eeac7ca478658d4203e17adadb33038cc,1
0x2b394A878cbA7626adfe69Ccc5fd52Cebb31FB16,1
0xA54F7C33a544F8ED7ba2C54F4D53c60707C14f0a,1
0xEcD58b53242ef8eD2459b84925E495557Dd9183F,1
0x6363C4959cD23c81713cA8115e217f94681F9FB9,1
0xecfe3D1898Cc508657Cd032F6C41f5Af0CEfbAE2,1
0xa591D5a03B7Ac63030ca01858a1B50804890a84C,1
0xcBea1a8BA7823Cdec6920fE2F0cB4Ed2bF64764c,1
0x4cDa0323E173e1022420106A8d4B55DC4fEE4B70,1
0x54c6f60541593c44aa915314ad264080f77a64cb,1
0x647DB63fd123808d7D1A3e7D2894cacE3abd98D4,1
0x812ac2610a2ff69c4b3b492b25756e3e0c1298c1,1
0x7545d53b9ba8ee11b4fb0c313c0d08393624729c,1
0xc805ce06589f6aaf336906f14e70af4e54c19fc6,1
0x02Ba90b366Ba0680Cc36Db9eE7705fe063a35986,1
0x00001a1096a8AE611A48F8330274C85bEEC17F55,1
0x2cf4b26990d30D6ADb7dF30e7F9ea976dA319D3e,1
0x198C3E55f12BC6A9ae5f63AaeFfcb77d98Cd73F3,1
0x1e5e9E4EeD414113674985CDAFa8f9BC13747cE1,1
0xcC9A4b06bA55E7a081ee813bAa497f460e73A816,1
0xeBb8fc3606197F2f5f6065E363C483f0E122E756,1
0x20B1Eae10C9A44aD80Cdcf6E8A704C14De156186,1
0x66463E6e3A6DA8505CA93566757C93c1EB8E10fa,1
0xf271FE71B4e09F2C14B7C0022092Bf0ACc8479FF,1
0xaB0671D6C3d789Bf926F66be691f6a1Bdb70562A,1
0x4956bF53Eb71658C5D829f24769D709fdB08D6B1,1
0x714Fd335E11B3dB73d0Ff30D587719baf8D84FfC,1
201b2f19df284817a7be7f8e98b4d19a201d57d347,1
0x9143080a8962348413f0cd72f0320fec704795c8,1
0x2887ff846e69dca47c564e03020b178541965f0e,1
0x8d55df8f366f0a8ff8f56e1a7fd5f3c28e01f436,1
0xC7de154B678FE4BAE8A6CAB7fE289e7daab35E78,1
0x40536224ef670cA321D5ddE316061A5625C05137,1
0x1596E4245E9170fe0F7012eBF1BC2F45fbE0F793,1
0x68504A6083E78d58F62Ab40316B386341B1DB2ac,1
0xdB45411265782deBF29A7b58Ab475BF75C9b19f3,1
0x95C3c6D13EdEdceCBE5424C85f2F51C11c69baF4,1
0x00afC545b62a58A493B33c882a46fA6BBa347e50,1
0x39eC6C8027538bEe5Ef64DF6ae2BB4453b4A666c,1
0x75E7f686ABCD5646E8813B06f5C0c9fAfE2532db,1
0x1855b849e7D23943f7975Ef6D2866871e3983bc3,1
0xFbb26546b301dE60209863dE39E0B0576193219a,1
0x60c9b0055fCe7eE2D32CA6D233dDEf5AD1fd0034,1
0x89f22acfa3a1970ccdfc73d3db80d0d09cddc48b,1
0xCB60CE5CBD309382080bfEfb08D262678f4CD360,1
0xc9ff4E76DE76A4316D81A4E28D5497C438296e25,1
0x10c5a83945e570f05989B093D8211378660Bd9cF,1
0xDD8748f855d9e0D9607FBb9d3Bcb8fbDb4F9e2A9,1
0x2bcd951240F053aCd007742399F76feC8fB163D2,1
0x327d6e667699f7177222b6Bc073f95656fF62c13,1
0xFd1299d967Ea45c290BB7AF2Eb0A4d8300C44A31,1
0x865568b596123b19CF04fAadB397fc674e923cFa,1
0xa89051a95bE0E65d0C35d104c8b575eE47c04C3a,1
0x11B2860Cc35BEd475B01f0A1FCC2B6a999543073,1
0x212b18f340DEAB8A5C4fa01fF88d0df8C58301df,1
0xdc61e40043f76bd4d6a632ed1062e278284ab08c,1
0x91fde779E5B350x91fde779E5B3583143368fa44,1
0xBaE73D4746A0F8D83dd1993Ca034E03D7E59aD18,1
0xc95cf68f5dc761f50211b0ece9e11d9646ef38fc,1
0x2a66E8d78B4aC9E58f479F141c795a1Acc71751b,1
0xd6091A6335e974E67fAb6B7Ec4aa4878AFD75707,1
0x111111111985267D862c25B892dba279A7330A00,1
0xf56A7B522768FD921E10F0136D50fa112EE5Aaf0,1
0xD8F637755Cb81Ef20D0b84F0CF4b9c85EA286500,1
0x47339b7c1fd2fe6dfa959485ca6a3a6e9b383b98,1
0xfCc29E31cf38A3C536E440D9c23C8D137325Addb,1
0xE7E259f256C2A9b488BA0824b5f682e7CDa37A5C,1
0x8a2EDc42ed5759F7893E9D3Ef386982320CbD291,1
0x9635bcC0E4845126FDB133DE103d1F84DA3f9ece,1
0x30fa6A97B07180c09E646071Fe82436da9410782,1
0xF74C185C74FE1E4CBb72a12f5d3cE614b16e0810,1
0x540C6f0f5090E276afCB8591F3914cd7753848BD,1
0xbD6a8C61906d57292eD1d462f692f80D3D421a94,1
0x38b42070f592Dd193797Ea6Da981557Ec52bA19E,1
0xAb19f0e8F9Bf6099a3961B99597a90E5eEe76605,1
0xA79e15632D5352799BeBd03998D8322246900D5E,1
0x8a5ed7041bcB06B0B2C07d07C98eAFc9CC12bf90,1
0x1a730411590d9798CeEc2D07E2f3f2CfD1F51B8c,1
0x3693668e97C55100FA8785E82e29a10E9D91fD05,1
0xD4Bff2E49d13AE2fE47f6D5F5611B1D0499a8d31,1
0xf04aba2c7f1ed9aba89bbd5d5b49304201059197,1
0x36E0090d41C95fc1A346dff84CF7362cbe87651a,1
0x3d340f9478ff589fc9f76986bd49ec62c1619b98,1
0x40c7843d1c1f7d4c2c18deb05896f6845993fa65,1
0xd91a8fa1A31c8D56bF1C1D3C16398A6D77DbE1c9,1
0x669631C715F098B78660fEc726a7e5a25499dDC8,1
0x41819a8913d8aa197248b0aa569d629a5c4459c8,1
0x873Ff9E2513D2279F2100aE8dac1774EB801C5C4,1
0x201244113A577eb4b4d5B93870347191ec04f9A1,1
0xb9040b566C5b87e34Fe876bab08e3A211578B7b8,1
0x88573f3Ff9E2ab28d2747434800b8121Cd847238,1
0x976c85ad3f7a81f0c2be7af69c9b03579774630c,1
0x057154b534b068c324643593A16bc94aB12B3cc6,1
0xeCA1123491909E8C9D9D0aE1F753f0d7dCA4C135,1
0xf66cc136db641e7cf45f4b6cc150de23d52d2d81,1
0xb14bFa1ffA3311Ae0901422FA6566B627Afc2d7b,1
0xc9180b9a016a6fb042ebf4e3f67d203020bb62f8,1
0x00001bd815185c5adc3b58336d4dc36f00e24052,1
0x48fe11C19dFC5dAF997adA7e09E12066E75e6d89,1
0x1F886bb69e3Ba6160D446577C5271Fd57526F599,1
0x380cb96aa85b644207ae96b7e9c066e72d923a49,1
0x48Aea7C14085364533Abc35256DF78D7cb1793a8,1
0x8f910c66f88fc1817c6756a72ae361c74a3b2182,1
0xbE63008882C760EfeE1088755D4484A48B485A58,1
0x84117D051ce30FB288949add89cCcf3A3e7d64c2,1
0x8f37a67B16bb9a1ebe687152c52fb7d41A2bA20b,1
0x742105266e74e997aa7399b0a3cc81afd55bf747,1
0x3d89bd549cb2415d970533ad99cca70715f7a63d,1
0x55657009004dDb5E40cCBFdFB2528C73780e5AaE,1
0xD671300f44336d37bA9d27A44b8A508bF9904ae5,1
0x820a1fa1882906b368bb35fd13e17e8fa9d89325,1
0xF71Edd300CF317CeA446F77d580b7E25BD7D71f8,1
0x6F5159054eeD1cFDb2f722FCFF3329e7504C0639,1
0xc978f2c609210e2d9681fd1a3dc01e2c5df7ce22,1
0xF7A8B58E1e13C0b58797b7D5FF629f3684DEbcd5,1
0x7aaae09cd73b63bf4fc59ae9a1b808647c011319,1
0x8b4E9DD6caD96e91B35100B723B259EAD872ff83,1
0x31C87c12c47E8Ba3a7CE8c5c37a5560dd4456A51,1
0x7d9eeb6883b3f649bf17beb4bb108c578a65bcca,1
0x909E8C76257EEcc485F9CFAeC500A0B1eAA580D9,1
0x5B8F04eC266553a40b8B4c6EAF106E15BC1c682c,1
0xB3114F611B6588c87b7d93cec12f01AFf4ea6B50,1
0x61569C97F9e8ac0eA85960bEC4d2A66ff85A52Fd,1
0x9d51B4387286b3bA6cEa78950A276D2b04B13e07,1
0x027f2C0FEcD5b41f3D9617dE8D1C4cE69A336E12,1
0xF256c5aaE00b45bFdeBC6D785A4d7fA0D36775cE,1
0x3E8194B7F3Eda25b92bCB453d41d2AeC58F8881b,1
0xd3C091a094B9ef0F4c66138fc21De4b82691A108,1
0xD4B54E686767bB3792FB92dC15f1cba07cD0E91d,1
0x53a1c560448cdea4b4c78b3e19b3a74e8666cc93,1
0x0Ad50C58D425a264105D826f65E9db156BD864bb,1
0x910Cf57Ad87fb1aF2de5A32f43001A198c7eb7d8,1
0x15f87E0a7DEdC5E33d11bD58DD7cdC2A430e7657,1
0x9a1B721E636A331c522b14adfAFA523b34eEc914,1
0x482BDAcCf024b0ACB7c8B410Ee7f0A037efe5088,1
0x30Dd194497907aA6Aa8E76126bff34D1285e42Dd,1
0x90AE3c37E580bD09ba62E87426E8dD68CAd23099,1
0x4fC580E058f13303d31D9063C272ecD4DAB0Fba5,1
0x67Efeb1Df3fb0E0461c4e4D8018B32fc73006215,1
0x3F7C14E402fcC3864D6e1aE1C4747ff1805D0512,1
0x368fd714cbc129b2bdee649a8fd259657fc13fb0,1
0xD686FbCe9240f4F88C71C727d3c170B7b2220233,1
0x130f76701804fd71696f41f0bb11eb7b3a02914e,1
0x7067e1284821016545f615E31980988a9dBcCf10,1
0x7B337d126d631c9A6D510a408e65920aB8D0AA86,1
0x7cB9eE54E14d72784FfCe7a78D5631a7AFebcD15,1
0x39c498ad6921363f151cdA839Ba10656cD350584,1
0x977ac0e5a34219F667d07dfa9633cb89cfE215Fc,1
0x20871645f5663c4ac8a3c240675df2396d568460,1
0xF25D2277D18f1bd2258cCe7e986C70cd35aFb14A,1
0xeBf5E91345343E110b06D0066Cf83524f0447511,1
0x5a0e8e6d76cc3788f2f8bed0c93c5f1f5a4b3e78,1
0xe7C699e44274FfA6B8ACc4eca30331b98840Ccbd,1
0x000006852707EFdCB2DB24B39F47AE03A28aEDfB,1
0xB7077251cfD03B188e4BDB97435763f428EAB27f,1
0xc3A10E4F68e142f27B9726E0f8199409Ff09d456,1
0xf27e41c59f367736b8599d2f0067fe10634f8dad,1
0x11425ae97b83f9dbE682fAf4F3679e08DC3fE42f,1
0x7304A74bF8fAc5ca3fE29C8D26c67225232cf4f6,1
0xe621fd067ef1154b7035896be20ae2857eea5ddf,1
0xee782305F44Ef78Dc78BC77Fd0FFc9A719F422a8,1
0xbEF33E3EBBF5853F51E154ad3BC03B5838ED1e68,1
0x3d4D64C5aD0b4Fd98e48C4d88F765C1D34a82721,1
0xff082287dba9cb24b71ab764b5a3f5f2715daa9b,1
0xCbE00234f152720663C6BddeB19B85C5FD8ED19d,1
0x45d7D6941e8E4B6aC029eee8A74934A7147ef8bb,1
0xCac45Fb29B1EcFCB80BCc2B97F7A7f8c90f4C1C1,1
0xeB8c67191c6C09c0B40191f51B3484907a63FC22,1
0x73C2795eBA6b64A6f41439e1Dd04cf5704e39718,1
0x9f744dc422fe55d7505f27b279699b33a3788c08,1
0xb2bAb398b9772e0AA7230042a1D39a0694bd7FbA,1
0x649feb37e5a2ce9bdabe94068691ad631b0c2f38,1
0x9ea5a343a2db713de8ba5c3ffc62beaf1c44df76,1
0x54669322df057561171063180DF7F2E62c63baBC,1
0xe1B2eB2D9Ec3498bfE3b7be0cd93CDc4B6465846,1
0x01EbdF2c88bB2FF0D665B4C3a884aE2fF9D1d874,1
0xaFD389818D4Ba8635773D42D271DB8D1877A7118,1
0x3787a8e662d9904aec1fc35463c271a900aede5d,1
0x3eafc13BddbC277cfC3EE90f0Bd6E817803Bef9b,1
0xB10DadB27dBE82d3339172375845bC93007b78bA,1
15733aa3126a56a45ecc8f9be8ba42ebad2dc0070c,1
0x23da8E52F188A86E8e1c90460A583B1e4f34Aa91,1
0x674b8E2bBA97780D97A39919D12700F4A314C051,1
0x229FE9fbC1Ed1A4B41F262D4109d5582Ce786A88,1
0x031A107671b689e84c8836E7E2b8e8f0d1EA8265,1
0x7906294767204Fbae92332a7C2401A723d361A6B,1
0xa46d623835478915415a79e3f691228a5974a975,1
0xBBB8d0e81b47D8f8e3Fb5D2a1cde8B0A73AeDFfd,1
0x787Bf4A73723c8071d3599a346325232B4BBc11c,1
0xA6178668Fb55f9F9d20f6905045585d8959A6dFc,1
0xE10525257B32DdfDFd516549efa4D94b573f2434,1
0x98Ef0B4fB76eBE598bf6aCf7026e07D6cC03bC5b,1
0xdbEd8676F446ef9e049959FB2176cc3A527391EE,1
0x501769Ea932793b71Bfe28111D6D219658783a09,1
0x952087F12742751D0238f32616dE14D6002C0c51,1
0xdbe0d511a71c100109a6b7a9f35fd30762530da0,1
0x00fb7d036827cEe52063fdb1Ad91ce27996a4F50,1
0xaaf9e357d9d975130bfe52f82c323700185403c0,1
0x15ee523FB157982CB1F993BC15A7F40AF0ebD2a6,1
0x8fada3b0d786b6659d82d9c05028426395852650,1
0xF7F325742b493c2A2eB5Ada7A9Ca8aab27A6d55A,1
0x1279c68640f95608a9eb53ca8ba046a0337353cb,1
0xa6d31551e1459df688b9b9c8eb582e566cee2e18,1
0x485667e7e86584a65f5b92848264204f431e7030,1
0x5E3AB2098Dd6Ef9C870C818C95f124235a03d99e,1
0x469dc75b6FD83B6fdE87289F124F71c08F146B3C,1
0x49f3F8828c90acE2dF504014132cC24c5BaE8d23,1
0x948254F31f4BC6d4c38b772eCfEF05474Cf134C3,1
0x302A64089AdA835e59af1f17c54497380A3511B1,1
0x9A6947fee4393b0dD8b74CBf1A347B933F7973FC,1
0xb51Ef4e97a2aa7a3Dd37f207c46DbdDB428991CD,1
0xe03F628476509606111D7995Dd2242534585E5fF,1
0x4D35c6f6469D7178C5E3B0626BA3e3C09023B2a5,1
0x432d199df4Dee79C53A5BEa50cFE57FD51805c1B,1
0x8b16dd3B8363cD85b14dB394cDa9E153BFfBB61D,1
0x130BbEF83939c3E6939DA50CDcd23dE97dd41F5a,1
0xf6FBF7b2A6F72572aef0f9c733B14b8CB982b41d,1
0x0000088605cDdC056Afb18c2db6692D3c4B33eB4,1
0xD576297030B765E602fa3f7D07A475Aa91883199,1
0x7a4B9395bfaf2a7dbBd6cbdF2A0e149cd1B6FA6C,1
0xA84b32b9Dc28b6AeC1a8F474eB60F3865082D215,1
0xb90Af4B7ba31f77E77935d76759000693B1f1fdB,1
0xeB5d6efe089A0466911B5eA00728744ED3212c18,1
0x8bf80cdC1B5008d1279E54b80fbC7e72b2Cba87b,1
0xbc3b4aacbf41d05a4d058f13956c132e906d4b41,1
0x82f50278F23A7c5679beDe30Bb050f1D60A2ad6d,1
0xA58d3F53dbAf7d647aEf9256bAea6F9c1427842A,1
0x794aC564d2F7b6e4d5F79F0664cCCd79d59C11DB,1
0x1936B538375043B4F8c32668E490Bfc107cA0AE4,1
0xB4042E24d33Ae974f4dFe6A0968A47663210b885,1
0x5bD4285350021bA4AD54e305e52B820FB40d717b,1
0xad8581591C49B05704EDf6206789EbD9aAac9F8B,1
0xCf48AE2C141EA5A621f17CeadD4287E0fBbf2C1b,1
0xbBc733DCf78675B32B193eC49f0eC67616289F1F,1
0x94f0631280fe2b98ba90e9b81228c77a2e790505,1
0x0A9b0B463aa3DF2CD980d406F2cBd6bCC4535398,1
0xfdbb5483aaf3ca1abc9485201fb15869b9d51b83,1
0x3b20c7568269f566C01f5462476400723480782a,1
0x84874B8816adc21DD0A506Df273C70891e612bfB,1
0xDdcb02Cc44Ad70ED954b20E90A3Da1df6bE3a234,1
0x3d91aca85e629c69e878b25ce2d08c9e1fbd1902,1
0x4903b8Db276Ac495e0F82e0e3D1E7c5ae243f92d,1
0x1e3cfee7b721e17b057e93d2e4af33723818f766,1
0xcF55D9b5550E2451059bBBf37c80Ad98A78aC137,1
0x344027313CE9128326c43E3cEE33b5bC60e20066,1
0x0cdea3f5da7bfe1fc1ae91e47768c58c6735e963,1
0x14C6A3Fb0fa46A43d01DC7426D7c27cf8C71c10a,1
0xF1ef8477BBDFC733B54fc66bF91114867B130272,1
0x7DDb4030924d654C7C1FB4f370AEdB62f143dd74,1
0x1c7a46b0f34cf7a84c2d42bc32fed554a8b4937b,1
0xE5e09a912d7E27F5404A4Fe6b1b8a6103e3ac4c2,1
0x8032bda681b6a24b79f7f320dd964fe21285b598,1
0x82b6e3944ba552D12E262FE5E51d96cD7Cb2aCB5,1
0xecc21d79646c0bd2fcba4e0d6c484cd8cca5f30e,1
0xf08bca7ffc99fcdedf97814243564a6c4d7ce56d,1
0xe18215436a0D06191c2973De06d6B47cc9f63689,1
0x1d15f5DF593e6EFF609530aB3e6E0Eeb41E6aba8,1
0x33dE9D8D81C893f8a7459cf02501Ae55ea8C738F,1
0x2067Bf359d451955E18c8B2c1a3d94eDD093F4f5,1
0x83512127d104047A47B35a6210df3F706094aD52,1
0xE3b474Ea507924e8858E9b6ecA19E5E5374D3825,1
0x7A0044D9a5711DF402bF49BE80b7C9C9f9A5B3D1,1
0x484de4001153f55f5Ce80D973523b76d2866d1a1,1
0x612AE2F785b23403771089E19F6Ccae65316c195,1
0x02cefbda1c0c66a0c9ee12479d5e344c26334672,1
0xac2cbA88bb38EC2951c636daFb9b1B485Be7c79a,1
0xF19ed1793d2487a8ABb10d147d01cc90f6490EfD,1
0xC48B36956272295f3CD12c5C9DAb07da92083F93,1
0x15b456b6b440f6ad7bed57d3dee84c2250d81a9b,1
0x31616764d202bbb17ada860884c9091a92ecae4e,1
0x332c95EdfbE02D7655e9F5d9d349F41468C867FE,1
0x1f7F36b7469748Eda342E3795a8102DDa585E4b8,1
0x1e5C959aBE5d2c8064792bA693a9c4Ecff66A547,1
0x2Ce299051b89D137f64B8633D69c7dA43B6D7a36,1
0x56056750BA3a3E94De483593B48E40a3702664ea,1
0x7f14288899A1AAeB21058c7EC06fB39D9A08C538,1
0xcf996ea7a49d793196f11d93e964e003ec389a9c,1
0xd8a9f37d781b9a2552e55f33f986441d84cfffd0,1
0x3dD13D532173b8039403104ffb0c79e9BD32131A,1
0xde691f3d1fe01f7a6654754461733e5e648289c5,1
0xd628045B1e010bb1365725b2eE0b8Ee997664007,1
0x043dC95Cc693B85E8d362bf5fC1F5a2608B44EF5,1
0x6475a88C28f888C7Bb10256106ef02228df5Ba63,1
0xacef2497247895DEf2133444a7595989FeCA3876,1
0x96F1ed3860ED295cC9e524796fE9109216A8112D,1
0xb7ec69d470a49c518fc22d6fffdde604d2acbcd3,1
0xade276c44d499b1c36ccd8e656364337b1e2a712,1
0xf36aC4FaD24f6E89a81D5c400E609E7aCd7e7633,1
0xA624df7f3219f6F76094652a63aA25897fCfd0e6,1
0xB46e25d7284D5A12945E7318d9aEd8A6FcD2c986,1
0xAA1e77B982cbce1d109E9309Aa120292B44eEf0c,1
0xb19cb8bdd97f26dfb1c153c035bc58681e9f29f3,1
0x3a40a53b39D24d51D8aC40234f0663946040E020,1
0x351775b629060e2b13EAA3be5c20A8f04b6330Bc,1
0xe16b5C27D43A3A8D0eF70E3EE69919Fc8c486Bc2,1
0xf304c64ed2bd377b9ad6cceec58128e79528567e,1
0x52912fba2e24d83a90D0fe49F3708026082717e5,1
0xF53AD7Ce084a68983B84f20b6F360C5FfC2dCBad,1
0x15c4F1c545B409423ac11051aB11D23c2F01c99C,1
0x8685c55f59314891aea8d3c8b1d630dd6818c6eb,1
0x42B95a2F52133ae09f4Be1a138A62700E89Fe65F,1
0xA994068624881371987dC854b10bc3454547f293,1
0xdf80745a246dbf6b928e3a3c442e37b773a70145,1
0x3EFf5ceDc6Bc976d24B58383f47415253AFD9052,1
0x4eF3aa1242D762Dc9882e680329e79907F5F0BB8,1
0xA3cAB16D85Bfd71B13dc3dDFb2643c949049fE05,1
0xA61337b4a44867B64D29bA9dc0f5455E347b242C,1
0x0eae67df2832167b01babfa044cab1793fe2723c,1
0x8617bAc3898BB20a7D140eb05afeD0871dEBcC48,1
0x601226CC116e88D3E858EDD681963543a624E3e2,1
0x5797e3f48e48655b7ae27358eeeb422c925ef2fe,1
0xc9f2ec0ceb88c80b1cc913c1d3b01ddf9eef50e2,1
0x3dfa6563708315FCA04Cef8F34727CA3BD3cFae4,1
0x1685574B47FC0A65232fC0acbbe95b65054Bfd60,1
0xFA584a2f82a6701984FED63Fc59783d7a77f1CBd,1
0xA8dCa5e4fACA761568E1CcD9556c86d08Ac8562D,1
0xda4a15E118841cc2183B827Fa18BFeC3CCea1445,1
0x097DE8c68F0988D0b95B0c2F848E3165E1CB6a8f,1
0x4DdFeaec1664A0C6e2d4122047B5519652400670,1
0x2350c7fB06933B09f882081BA629e795952356cf,1
0xe08ce778ef1127639243f53f4c45844595876dbc,1
0x2eB27F608521009f9663904Dbf002d93cfbb5957,1
0xdC4Af1F0c8702b22280eD386CF36A833fB966367,1
0xd11d843843bCc2A43f5f6F3ccE12b49b8c88B48c,1
0xBd319aD25069E82BF449A40E419d3A738ff97691,1
0x39cb9cfc9086e0a788e10fd63f215fe674fb9724,1
0x9E9fa6Ead446450f1568FAbe12d3fcCfb47EbBDC,1
0x15e2df3b18385021eaad8e956c12a88838c85d07,1
0x5b03a443395986572db0b8357104c1921846ad63,1
0x6E0FcF42fd1B6313953CBcc99b20c73D8E41d02c,1
0x036C39edf936A5F10E354C3777F3F2892354d279,1
0xA31178C62D85f8DE8d420E0B9E06539E2fA3a7e2,1
0x9FF32Ab650c7FcE6e268CA68880eC33bE48066cD,1
0x69eF13D4E12fa846f8e626e779cA2D77D6A1F6e6,1
0x1070203c3f1e07200D6fCa2dd4D7A8b61C0979D0,1
0x4997629bDe17E6BF0D7142aFf58639d1A60f119A,1
0xfc9EDCbDDa7A046137A9BE5b39F4dcF846645b12,1
0x9d12e9e24f14577317c7f21e990c45d304c0dd3a,1
0x812eF545624dd93B2e7d0048F8bb4Fb8e1CcD60c,1
0x623e10fd34769a22f55183a01f7683b80dcabab2,1
0x99F650117f1EB70b2B7bc58174bE30362c916948,1
0x3D636eB2487d58361f648df142c3Ea5BCBa78e37,1
0xaA1C9802F347046CD883795A1FA29a118c9eeF24,1
0x6Ef9E009095Ac2FbaAbC53183A978141e284c3bD,1
0x95fc9f435af17b82b86b2080b99a0ef321fd2484,1
0x2aedb37504f77e189d77bcfffe3c837379c506f3,1
0x21b2D04C6A9bfeb78CE503eb20821895af691De5,1
0xE2276bAb4A1ccb50c9fDF84f6BefDa81327A5965,1
0x4b15411A6033a379bc0DbE24ADEff7eBa319F9A1,1
0x5a7deb25863496d6055f57b98b9500bebc639846,1
0xEd5e420d8999950EF75012d445EbD26E26e64A5f,1
0xdb919F837ca81E6c4581c159b3565c7F376f871E,1
0x1487046aE88D8bc787b8FC6FBecA6a8294eB8B71,1
0x92a3808cac59992EeDc3fE87b94da7bb288d6285,1
0x6B2B290543f58ACce4a16C089171ECeb762DDD23,1
0x1be88bcf3b74048578d5E9f3cD9D36398B9CDf87,1
0xCC0055365E7008ADBB941064AE99704E33bcae88,1
0x042c95c0d4a5e139edb4c8da128702fc72682b91,1
0x4447e0a889fa3703b7f91430df34ad7caf152187,1
0xc6ed1cbe4856636e86ef13b46ec2da8232802e9b,1
0x548Be6667E92E742Dbd852662349ae74Bb39A215,1
0x900ab1129a3b983F521A9fB6e248366B1409FB19,1
0xd6334eF2c7C6D3212Cd2848a82Ab32452812B8b3,1
0xD12886C92aB03665d4c66145290d9B4e336a8253,1
0xE782b534e2B471bD94c731DFA0d30c60ba8a81Cd,1
0x14193D084a931f53aEaE4Fb7Cb575809a8a235d4,1
0x64BD67BC509F61D5Ee8cA63b2E90aA8A9e2F6b86,1
0x1D354D343f546B16D5Eb44F674d637A03B672F92,1
0x03068Eb4286521B79e346A3FD4EcB9c12Cc95bfB,1
0xeea53cb85c0600e57f40bcf4f86605bf5091613c,1
0xfeaf4d89d08793c971e7eac5b6d5f64c224365b6,1
0xE0E576c42EF16a360fDC7155F15da67B3C6d340B,1
0x17dfE76FFb3Df3934761f4B393Cc856435d34A23,1
0x79a6144c95b84099D201F790494E03d3f2225d59,1
0xfA306E7ceeD90360082fDC1EFb600a2E4B1a3692,1
0x1222C30b30b5169Fee9706cd30c407d41D49Ab9d,1
0xbF81b2728aB3f9c1be98c0288ECC0150bF679Fa2,1
0xf7ab401d4f5b0ab4193863593e8a3d9a34d3382b,1
0xE6DB5b431fae17Be954C59B2E9bc81D08DA1012b,1
0x0000F5017015c9bBe36D416F2635012E470393BE,1
0x8ab10078d0974B35838EEc124563ee1e00C7E227,1
0x425dE231AcD3bd847C53940fB3b65710CF4998E0,1
0x331B9318F9127Fd2b84d168B443D6aC37bCf9F43,1
0x9Cdb9d1a4fc592EFfEecB4f0684a6f8038C3BA21,1
0x97b71f2bf8C0913063753748DE88543797c884C3,1
0xA285fF0647d0C6A766F8a6616AA6Cfdc706eaB4D,1
0x05c7ab3b5657431b785b027787ea3970dab82abc,1
0xCeE1c50600E044144CE824b73eB6d53e5131775F,1
0x000007446d32DCE855535DC5D784764BB961D298,1
0x57785EE69c0B006821950342070ffF68636E3130,1
0xaD7873D553A4f3D484511b2B931e606E96daDA9c,1
0x72C3e4e7DcA835240d9052c345659306cC9C0c3D,1
0x4EA1E0fc816774a9Db8579Cc94A19C0ad558745D,1
0xE3E54d7191dAE38D4AF7A71d2Ca12c7d42466B61,1
0x67327C9a8ACF6ddbe81970262fc0923A00ab4868,1
0x9df5b07e22094c00188c27f3859fecd3428eb17d,1
0xA4Ad3e1772706ef74A9781d0f48FEC8bBf93bD33,1
0xc15472a944e620a861fd5697d728362328831517,1
0xd5A2B2217a93Cd01A039038352C33E87b5fF951E,1
0x32E2B6E8141a3e49Db69E4632f413eaa546d2D1a,1
0xa66847588a02baded7d282ad0a92affed1839be2,1
0xC7B0f183B232E0B15c81eff18d3511f7FEF628A0,1
0xAdf3081629d197DBb3aceE190Fd304b5b4B91e56,1
0x348943221A004De557795A1564d774a0357D3b1B,1
0xa0b0781c9b6afd38297db56c996478f3433e39e2,1
0x96D1f2fd48a745cBf6356810C123038c64C496f3,1
0x8Af3D7e94e2f17EfB073dcE8531C20d8eC6cad53,1
0x2B57c5c630a49B72bBc6bA3888d56F8C92c3Ad0C,1
0x1e936bae6648fda922a3bd768b839c3d71d7fc12,1
0xF8C9184beE567c235c220E883837C92b3cAce488,1
0xF2C1821afA16f1Df6e4a36F6e83903faDFC8F1Ca,1
0x801C8a06dEFc6642591634A9665193356E47b64f,1
0xD8cBA2C75E07c7538A9Bd29C6949b7f1F2085942,1
0xFa2E79c83A4681C22e02780367f093b75B76FCf2,1
0xfD8f740A78ff3007B1C036A6ADB56A68373AAd79,1
0x61aD0CBd664119913288153cB912Def11eedE3Db,1
0xE92621a0502b3EdDf2240089D0703C398B5b85c7,1
0x30dBC88c27a717C077a9CD2cA7550c73447CA811,1
0x3f6e9DD958a00c3Ebc6945AB3453B9EECe52a8A3,1
0x68c1C480fD0D557b4EbD4fE1e8d4A376a1b6e7fE,1
0x1DD3c04384d9b00F2DdC5a0908faE0078Cb2B253,1
0x67acdFD88fD09235d0E7BA340507d1368e4774dA,1
0x4389CD4b251cE3Cb89481891389c7efc39af33dA,1
0xfcd7b93a7b3f4f1276f1e89b63d22f1ef4b4bf37,1
0x3f197F099d7c3c026490309ab5382236a18339eF,1
0x201E57396bB1a720CDdb0B0F03881CF5F0c90a72,1
0x9479b179b6876F3c60bE4179cbe3321a1d119A10,1
0x44BB394a300c0785D80ce8Cbc9458330F623BBBB,1
0x194f43f1c0df7078fb1d36bd9447c97b362eb7d9,1
0x299dc9cb9bb51d490a3e4134480899a0ac24434b,1
0xb7fB3aA0CB899798Cfb2C5123953a0d31a83f736,1
0x9072f0cfe1bf41655F722783549A6043D21Ba2b8,1
0x1D9bCC08160b5d4136B0C8d699c3777C957d81C0,1
2e80ad14eba971666e153dfab4f5d6926a9c455568,1
0xA89a5E6f62d3D0c234E6626EF0e8f7bB561D8ef1,1
0x9223FA5A84DecfeE94B5b63a7C191794AA1368C3,1
0x0cDd38451ac683f1065aF09ecfb6296077E19Be5,1
0x4f774648e51f9D0d38A8D3880109cd079AAa4899,1
0x0f5a9763e19ae66fa63d29945836b0da6cd45028,1
0x4A7de5ed0E8C422D98F732482EF307a1a0C3022A,1
0x01408828659A24543eFa39B432FdC65a94901b5F,1
0xEDe652FFced2663d03E3B9CC8D35304B763E24A6,1
0xE4bDD1Af6A0A43D8309604aF1A98018DeB501EEb,1
0xdd00c0b35cc8a663ee630c8a01268b590567353a,1
0xc3f5f0c67497c75b612ef0a79f43faf6166a8e7a,1
0xf5DBdF1583CCf673d327F8E0f764247ad00D881d,1
0x93d2C526F0eB3732FB54ed5B2452dC864a51b451,1
0x8baD300481EcCEE9D8fbE56a1F155843A987e781,1
0x06eA43eDf311f5EaE88e09fD5329500B986E7282,1
0x4D285090F06D1a6C947DCB252c96f4C50D9396bB,1
0xabee1b0ec0fc342d7162caa8a137dbe51289045d,1
0xd7601B03d304C78A4377FfC15AfB54beb3BAa85A,1
0xc1321103D6E7Ac32fb104Ed3f1FD1FCE2cC54d55,1
0xC1A70915f0522ea191e4E502edf4cDaB253e27C1,1
0x03acddcc3a5f513df9cddf1ba9b84d138a5bcf58,1
0x82D67B868Fd94cC948BDb24bE7373B052876D8ed,1
0x22C35e6a0036772849DDFEE4a534c933D771F770,1
0xCAed8616b1542B35019CE1F4bE18fb927B828058,1
0xA533eccf51Ef422a0ea0a48207f705D3A9d5EbAB,1
0x81E1590413C6731497dc8E72838E2cDD1e1DEE47,1
0x5afe70bbcc49e3034b1d76ae6f28874471710ae4,1
0x4d27857c41e0087c0121701f80a32f66575e710a,1
0x975624de549cEb32f5E429E28bAe7a1d12F68bbd,1
0x55971aa2395B24e4c69123E56084b36A47FB06b7,1
0xa08230cC2294115DB89d422b5542eA8dD97824Df,1
0x256F2bCDB46576ee144F9506e71b7A9eD7Dd19ec,1
0xBb6f9D1C2cc4535bcC98F66D973D0F21fA6dc414,1
0xccAF3a28110702A215384Cb6D07F5CA728476Eaf,1
0xFda510a8fCAD3Fdc40A19f0332A031Db95D74A31,1
0xBa52357D65D56E60c30C3b40702049D114022D46,1
0x4B1f6c852Aa6146bdEDEb0bC96006cD327dC4858,1
0x82554aa8Dc576FFFcb15855a28b1b3AA10078327,1
0x6b6e5bdbe151a6adaa0e13193673a2388f250f49,1
0x848dC9270d00ADcf759670C5d1CeE1F889666319,1
0xe025AE8e7CFc74de962D565514a0EC3Cfb9eDA9E,1
0xD1e4615d8498fC55E21C6191582DC843D08F464F,1
0xbf8f0b9c4d5f458f8fb932c1a8333b6f14f9e998,1
0x1aA8C89E381b033112a9E7465c1052b8Eb6aEAEd,1
0xaa372c9bb070c1bf45c71f44a6ea4473a601f1c3,1
0x25f54bcca071bcee16a1252f0db4fa3fb8a75b23,1
0x643EF45DE2f4B6Dd592942Af150A5bc9aC70168F,1
0x111114763659874226785ab7b7dF9E1364Be8332,1
0x1E3E0924A23CcAD761dcFC321800Ac190E92b2b8,1
0xF27B8Df9cd8376EE6972eD3734664B86ffF9b3A3,1
0x5710C0689d70fdAE2a775a4d94D62f06e2F90298,1
0x1B7Cd3Bd255b524267fd2b667E47dbFcf650Fa7E,1
0xcC886621a5Aa8381774f045eff444B376989eDa2,1
0x35965bac06A300D7f97A38675AE920bC7F90bd7e,1
0x88dc82ba348b7f6a44e23260802fa52ccec0cc32,1
0x326c212b45626c38e8acd993520db5d5c35b041b,1
0x5Bdbad2a986C5b959D7d10eBD9a4b2C4ffDE9e4E,1
0xe52DA775afFBE83acC6814dbE4A18c8A58161aad,1
0x88337fe86231b6ba75ff9a401ac5ea0b6536aba1,1
0x3327eDa7B6E2d51477a5132c42d66dDeC626340C,1
0xF7c4636b82656d9CD473F4e30EE9c14ddfF79643,1
0xfd7550E191093c6D5f5ed88592c2ABd95fA38ac4,1
0xa84dfde4686f16ab8c3b0c9e4e60554d26506530,1
0xa8C842034B72f2aFDda6C4cCa4A385c92df4E986,1
0x5782e5dac8a7d850d5c96f714f25f608b281565f,1
0x2534ae50f81f8efE3D013C1036f357dff168b4bf,1
0x5d751aa2c6C55ad3A0d262Ab531e2AB5bce4990A,1
0xBBEcbeA855f6dACAcaDfdc9107b69D1a470B6d54,1
0xb171194337779e5885e76fb7bde96117ea286c02,1
0xdC3d86c82846B5b5B5E2960aC15633195b609A39,1
0xa420bfd34fc9dd3964e48a00ea75172a875c6889,1
0x6a2a4e13630de620933b702290dfefebc30b1c21,1
0x298AFed99ceF993eF5F5915A76f363120f1E8307,1
0xC4edCC7a1E383f57aa7F737466BE9050cB47255A,1
0xfA63a2fa92ac5a4447EeBf30621c1a37F6585C3d,1
0xC597dd0E97c30F21a9fFa74d79Be3607a0028Fd7,1
0xb14c8bbf0f589253c2fd05d5e14f57e7fd7a26d1,1
0xd3905281EA9D929A3510947a81Ae1631a1a7d873,1
0x1BFDB1E3e5B575c3eFFc46b39CCE39fa06eC9937,1
0x99Fe829b19d51C8a5744756D86A1Fd2db4f2Ac0f,1
0x4725363AFE062Ba51954991846D940803B44c0Ba,1
0x487226E99F143A33C5CFf4E18c04376Db8e67420,1
0x32b8670BbAbfe32E25F5873EeA5Dc3CF7dC1cB68,1
0x90349e57477744354fa36CdFbe90a13a9D9fbc38,1
0xcfa388f71Ecd6214800D7BF222F8cF74499930b9,1
0x66B2FD59C034aDA3E2437228910ffB09870A3e67,1
0xcB4cd3177170aDFfCd386D79691259530547BFEf,1
0x7066dcB3c055BA088662635215A9202c8f18417A,1
0x59381eBE49274671983568269dEc3EB8d1E3f519,1
0xE0F9237e02b733C59208CEcd57A041ee4051DeA9,1
0x24eCBF88a34B549088c158DEf93430a3253aB46E,1
0x8b589b224ee830d677c3b2af5f1fb2374b24f182,1
0xCcb2C489Cfb25b57614459f3B8f66B41CbBf3b33,1
0xb2d104aa409e6e764a225a893712930a91593028,1
0x13C431ee2c95D5DCf5A0E7F73a795F4D2aa0ff48,1
0x3512ad0989f05d1ce12e874aacd57351f06121fc,1
0xcc6bcee83c5227a61f13c4f04c313a6e25b4639c,1
0x464b4B3F8Af076fB888e21c85776eEC558281334,1
0x000000f7045a8d8f9cf65ae929985bf2cfae2775,1
0xf136f9f58852feb199745bef528fded0620a7cb3,1
0xfc9ae5e1417059d39ac0fef8bf6fb1270cb256e2,1
0x4FC496A39317Fd5f25763a5096a9df9EEAc40fDe,1
0x8a1749218C2c4B100045D97D0E953C48C2541DFc,1
0xEb2E886D6F5c8fe3241fA1abDB2167fA0AFDb659,1
0xC1393866EDC1201121E3c786f238BFdEbd179562,1
0x79bb8b05783b660F42a153dE881d8Ad7caD9DaBB,1
0x3b5Aa712A4776714ECB349d1F388199302903221,1
0x58297de8f2d7fa0ccffcdd6deb152886be954205,1
0xFB922e57d42a14ea5E85965Aca7397cEbf0D1c0c,1
0x2c0383afc71a362e07e4ff673af284948b8abe2f,1
0x8B9DE4fcA99D4C95C909A225945497B18C49cD16,1
0x9fF860aEBC9513ACb66473B0B26f4bF272b3bfB4,1
0x00000000e776088b650764b4E730498819fB5501,1
0x59866cb26e561472596D37704e8547c79f14B2de,1
0xeAFf33ba11f9588c4D4A5F247816b773816799Bb,1
0xA3056E5cC6e65333Afa329A79238C77765dBC7d7,1
0x4cfDFb1Cc2564802Be480fFBC9B07144Bc1D7520,1
0x51d876ce38552d15a6744ac09cbc5de32af96faa,1
0x2F64bF782aFD091B29DA5EDb683371F1Be2f764C,1
0x21Fd4A3EA67f4eD5e1fB46334d7C829E615031c8,1
0xfE1ce87169BDBaB3633B7B0555309c643759E384,1
0x9e17dd992058b0C1f636abD370168629bb3E95d3,1
0x2E66ef4dA7e1A58122A56B1166f81bbd66f814D9,1
0xE9B8f149e5D117531E762005A5d6C844b6BF1F2C,1
0x216dc40C026B15e053af6C7241423E63fCf92436,1
0xf5640acf55e39da9c0dd670d7a5a5ac3815ffa55,1
0x1bcca2ca554D3c31BDa79EC239b2D615bB8bD209,1
0x18157a1eacee271964e931a6d57788af14a9a6a8,1
0x7C21108065a9CD4B0D2E075d62ED721AB2dBc08B,1
0x1add9e5e0dc89710f28c606c71c9e717dd6a67c1,1
0xE6BFE84e60AA18E9bF4373c33003dF6CafE337c3,1
0x38b8c45F2F90FcF26EeEBcee0ed15307e2c94246,1
0xcd64F879030a7a4FE081609E1A9b626BB45b09b3,1
0x00000000CCD193975907ddb660b4692Bb4257f9f,1
0xEee5aA693f4fe8DdFB1dC3efa0B587Db14014567,1
0x0000006094141cd5d88b13aa8845dc34e9b1c3a0,1
0x13168600034f1b92951CDFC444C3663eE595a4c1,1
0x64384B90c7c71E7AA496faC18e6579f5228d3248,1
0x2EB0F382ABCBb4C31Eb0fcFCe294d2Ba0eef6b07,1
0x1F82Fd59071aa58E03800bd586E6D2f9CD5fe325,1
0x14076A2408A47228930B0802EcFF237AaCCfdDa9,1
0x33559f469b3a477eee95d594973ebd0b24a6db24,1
0xaa68E429319d065Ce9fD5842497A8dBEc786075A,1
0x1c569eed6eea715d54e8626e888a92badb570db2,1
0xf25e12856b590e97c3a4cac13137cb73f03e894e,1
0x191A646a4Cc3C3aDDbf2164FDa517351A9F90B47,1
0x0000007c60fab7a70c2ae0ebe437f3726b05e7eb,1
0x5C5B1CA858b47f8F143A7057601cc5A54d65e6d2,1
0x2EfB04b4c64d0AdC86a7be539d461b7ccd4ece63,1
0x5036920e98E206D4CCD062661eEcc1e836466B03,1
0xE88BdB9682D7903d9B88da9B160920B3402a60FB,1
0x2c722A1F2f78105DBD5523292B735242Bd90B8Ed,1
0xD5Ac2c18ABf6935FFA1FCE042734F91aa78d5C7e,1
0x7b284248c00b9ebe72f82a6d3a3b11915d5bac59,1
0x9E444333bCe9b5784559835e8a8514aB85B546C1,1
0xa5D6643fd56f5E8Cebc898cA4F31d2a3798524A8,1
0x5eda210c390e05d1235835e7d4a511780084b000,1
0xF7f7d191c1b6f334e9Dca906962e77d77d9D0808,1
0x3D34F9f541AD288BF65c7F8521D8d9651ade319a,1
0x583EaC77322C7d0d7bB381938eBd0eba978380E0,1
0x86DFb1cC3bD8DF4791Ac87DE874DE51A280661DF,1
0x59A08b67C3D3f6FC911836a3C7eb4DaDb709be55,1
0x8BAE27Bb56a2D4887ccA171589632405d79000B4,1
0x711A09ef6f8100a000312E92ca673f9D26D74449,1
0x644e00ddac2248749af13b22f3d91df27017d781,1
0xEBeDAFA18Db3Ddede592Ed8E5dC648f9DdE72f8D,1
0x92672F2a7B9C0a3C7862eD128aB7Ad13Cd17fD3e,1
0xd11e65e7d4f69dd8eeebe99904094447a7c0d516,1
0x9b469d71B7808a1f0232Db2820c3009D099b3d95,1
0x973ddaEb339f5DCABB29468c07B41153be22E6e2,1
0xe9bB8472BBaFD1D6cF01341c2Dd61C341CB19ED4,1
0x99E5d6a10739A698B02a4595575A67423331ddFe,1
0x5e45df5c1476db6A9E03B7c9E0863fADdaC49767,1
0x15de656A99f0Fa9F13d1692Ee5b9AaC54b1F1Bf6,1
0x85fd6076Cb2D18a00A7b35C3652e6b3595B00451,1
0x5d2fB2b5880477f63496CD0075c8C61a97491A6A,1
0x36e3258dC9759899201a2349B1eB0E3ed9855D24,1
0x1BB6861015B6CB74C3d01857a302B5b393ADb075,1
0x7f68a87f1Ed1E855D4fE005c0510fC3F0d1423E9,1
0x8987017A377549Aea1C5B8deD4651821eaE8710e,1
0x9988c09347a38df999d8c7570697e3a8d97ef06d,1
0x797776a9a0F5d79c0ed1C1B2402bfD68Dd14c322,1
0x3D3303b1aD80A4eB1abB2Ec2BdD7948b4e01E8b9,1
0xFD8164542C45A77F75908F45452A8bE8f19AABd0,1
0x99fE415Cc5cc9Cd8eC2c65ca5ee049A3Ac68f0Ca,1
0x17980a378f922967c94fc5280610baF0D44cf799,1
0xC07867F7d69b701aD3881E55EF6A78968E21CD08,1
0x0D3f929758E39A32a9F1DE7Cd5aA714DEe9DA08d,1
0x80daE65AaB0c4AF49CA42Fb8AD2069ef997BDdAF,1
0xF5F02f1A87cDaDE3d2AFcf576dff5798a64058E7,1
0x05bCCc082Af0c969389677A865A5Bc4570Cb0a23,1
0xde4CF945B202235e09eF579AEC216c6ef57358d5,1
0x740e80640E3bC5008346D34ADdD2194efB2ccF04,1
0xDdc481918147945bcAC26D67971c1d29f60936c0,1
0x8010d9793b699ceb2aff0e94f3d045ce54278b15,1
0x27F4b8e27A1Ce153047D5d79F48440ACFC89358E,1
0xe7a94593f79179d092366504a281775f961d5374,1
0x261d7081a2ebe7737ae60db5fbefff192597aa40,1
0x202af649C5661cEaCcf3398fA132D641BF6d1f0b,1
0x270f2F857e07a525055598D42C1C23A5caBA4876,1
0xc23AF0CdAB556D1D6EB7fc6756F6837cE717b0a6,1
0x61a0aa7d61f5b0cb5a93239bf2cac2c71639be9d,1
0xc0b4b66E8F0aDB5f6dd9E2a3da4b0CC481b7E158,1
0x8fCBC537Cf68074FAf6139E2734438e14e7e882E,1
0xe00d92614b723e3331dc12eb7ae8f5f04fa3b714,1
0x818f6E941E5AF4d532B05458E474775E9FF131b7,1
0x8d62fe96613b294382e040e5e71a3b3cd07aaa46,1
0xe278B1dcEEF9060970Fd127b8Ae448FE5f8a1891,1
0x8E520AbD10b6ef0Bf77589Cbc99F6010E143B028,1
0x4A59e4D10DD3A65DA2F10397256623D5C457A53f,1
0x7E7530b2A55f043754B26510e87B613c03eB574A,1
0x8f0cDbdF035AdccdeA0aE4E5Db2002d50478F632,1
0xb7cc24f9ABA08c00bd620Af3D7f9496F2ddCB8Bc,1
0xf02da6a92f06bdb48494d5c9e63e8dc35a9d6827,1
0x4D5E44FcFe17A67724b5a3A0a76EA391D54d91b9,1
0x19E06e9bd4b7252547B131dbb015dF091FE195d9,1
0x950c49f8Ee25324039d49C4Cd202d87C6f030033,1
0x184928884bf892376FFD2EC0cB12bc1533BCa767,1
0x00c127777d8e3ba7A7F5734aC62aedD4a87Cf774,1
0x090367D14927C468ea149701b46b10C6b764aa79,1
0x1229C385CDd48221a9Bd3658447D6387a6ac695d,1
0x946c1BF1Ab4Ac5a0Ff7D135a861191B4959a571D,1
0xe404ccd28aa33732A379648ba05d9FAa76d06870,1
0x7B76D6643c51a5f183d248D3a9c11f1480195400,1
0x82B3CA16850198009187D72A2c0027299D5EA1d3,1
0x478EB2B4d237058C0F4f2b3B6863750e26AaE07D,1
0x9F6020297a3AD9eB18f053938831B42783cfB4Dd,1
0x29431b4faee63881b4eab6663d35585dea20c8c6,1
0x6de674b16Fb965aF7C826644326F67d732D7DDf4,1
0xD11Cd62f1946a14D622D955a598f3028B85A7770,1
0x19fD98B6c22e207780BFB392C7D1CaF9E4e3d0AD,1
0x35a379767fd93003d6bf5Cc8aE6EcAF3C32107b4,1
0xb9B00Bf4129E36377193F6401B0563EAc6ae3153,1
0x5A780948531578E39528904b56c3Af5095437A0A,1
0x5f64e6ae87c8a35d57f045129f1c90b2aad4d9a6,1
0xABDEe4C527328d62dbDdD14a253D9A57d01000d5,1
0xd5134511d25a8bfb48fd6a9825c73e320d1c636c,1
0x97ED9Eb4cba036BEC5A18259506D05f784E89AE8,1
0x9d65fb1fc3cf0e5098f78bfd6f24f6aa10209f1d,1
0x73fF19d750Fa7CB1EBe49F89C642b81Cf498bFDF,1
0xb78df6bee4a08ebde422e2f9c6da2f9f740d6292,1
0x8a4c64C243dc2B73905E36778b36c8aB2791f826,1
0xfc9173a2c3870c510e95f9a544839237cd0d3451,1
0x421709CC01d36251CB35Ab6e38fd2Bc604A4Fa79,1
0x998E7D3A9FA2bC32ee10ED4905e11Ef1A411035F,1
0x44bB88dF0710a6fB3bc1E29Ef4011f28ba8d822e,1
0xa2f42971ffaa470b68e2b43812784a794bf22db8,1
0x21c771674980BdC86Ea8bD638d54411F337dC3e1,1
0x56c4924FDA0a46490f2135Ca259e7Bf1aFfE9B52,1
0x77cEeB34Df72740D9C2cC848F9C7D61720E85A0A,1
0xeA15497E6c4407F9a8B7D7848B0d0309811540A0,1
0x314C69bD3ed24289cbd642127D936C0B880d8A6c,1
0xd8d86ff6Becc9f16e845399F24647e991Fe2a91A,1
0xD4B3dE172D33BAC27219Ef7c75B5628Ba9f3Bc79,1
0xC461262393bc6A8DfE7FFD86fF996812Dd94195f,1
0xE6705116Ef1249e10A53b96aC27cE6d3f1EF5b46,1
0xdaec9e2585ebf6d1eb47f6b27547ce680c0b748a,1
0xF0B39DE459Ba00c3aA3a96976124c948c7DE6C8E,1
0x63221FC8A39CE26015C675aAa6D7B40091FeD7ee,1
0xe3aF4a290c0f9908C2A0F1d5117bb62a8a937df9,1
0xe169ed3d5bd2fe7a76928b217047644ea9d736de,1
0x453c71FEfB6D68F8d58bDEc58A3D17d6948a5483,1
0x98C0e038cd51ad461795fBC095BFc85Ac8c36E1B,1
0x6748bc46a796e550b3c206401f634e61238bfe97,1
0x1c5e26836cd137bd645be6cfa9f21db120408ae0,1
0x60dC9173C9587eb3be1b05001d30D35942afD79a,1
0x08cF6476EA0f7f1fEcC3B10468039FA3cB7369b2,1
0xAE8387aC38D63fd5b2B5C77e6b7ae7c281a586db,1
0xD69969358d1ca6725Aeb659e8E842B7BEE5D2A17,1
0xba4456c3b45614b2b1Abf9F05CB837a3015882A2,1
0x2ba582cdbffFb09D2D10477925fF6019b4113Ca7,1
0x94c5786c941C45b9558dec6bFC9A59E9FCDe3EB6,1
0x4824546a5bE48D78A75760eb79A5b2cA4EF274F4,1
0xE46E02B320f5964e110b35BF39A6773aF49243DC,1
0x2cc1aF32783EC7DEe919905D3accD5c215027D65,1
0xC63a92De85Bb71AF2acF9645dAA67e7c38DA117E,1
0x864e61e01c3fdeca1292207fb1ffca6e27e13199,1
0x4E10fC9b4AE4f60cB58dF29AEA4b626A10159CD8,1
0xafb22c881b9278c10d342f13092f8ea3663b1f09,1
0x4548C3C7bbcEf22E609A0B39F66cc76E2F550EC6,1
0x77393aEaFc6dFb490d2659cdFc1a22609499d92f,1
0x1493d7F7672920221d0200032bAc7BcFdD628109,1
0xf5f0320E92921515613B7d8E1c249dFe7A53f569,1
0xc6897c8F7Adb6FC6F7aB66c24e75cb0c697C38c0,1
0xa4fc0a633ce58a83dbf6b94d7f5956b5f73e64c7,1
0x38F152ca190C6Bcbfd7DA14495c1CA747E7C5E76,1
0x1f2e1bece0b545758a2a3ce1a6a34452e7839ca3,1
0x8f5b007dbe29b5875ec57220ac89718865944c49,1
0x5d3815214b651fec95b0ec1327f0afcf724c5dc7,1
0xD6461533463AEc1a43E5Add86f67a5AcF40e28F0,1
0x3dE3c69e286BF5F5B43DfcabFb8921b6295c02E9,1
0x99C1905B9Ac3CC2e3CC9B6DE89642741F5b47bD9,1
0x6d58D4ee9547aB5Ca680535409615F595B691003,1
0x48bC9F838550656618B86054ECBC30Fcd54c006D,1
0xB64d4753f179798806ac7E9E2bc75CeCF5e3672c,1
0xa687153672324330865eaedac197c4e7a2ec24fd,1
0x4F3A20AE79240D719032043ebbB33016881D6428,1
0x591353c3348A0515a5C91f6c6AF68fB73AB1B00a,1
0xa7A28C87FDb3F2014129e7815D3d6e034eE27313,1
0x37752a60a937F3Fe9eCBf01f8f09845AD4D8c70C,1
0x6adbdb03e0eaf3c409a408260a9dc6bf42297a46,1
0x8AC2F66c7f01902dFfb4c5A5262fc55E6018c311,1
0xB4CC43b45341C88ea5027992683e2a9cfbFACCE3,1
0xbe5061d52175f108551863c5483534eC149f8006,1
0xc53aFD3BAEDDF80ecB6D5cEe24ac797E0206481d,1
0x3357b72B6467f2A74EA6B23173DE8dA513d38b5D,1
0x000000006F457c0f8F560333d9c2877287d92a92,1
0x74d1b9b81617e124371fc2b3cdfaea9047150084,1
0x65EF77bB20593f65a95be98eBd12E11A642E3C27,1
0x592dfe3acaa50f20b5325f08df53af2aaa77354c,1
0xdB745BDFd8E86e5f6d725867970ab1E9C2d46278,1
0x8491A66d6447802338c68F4E2fd84DF679b7E4Ca,1
0xD08827a4c1211E9C3F92466cCBeA97f8F5C5D7d4,1
0xD40ED4142B179443d35De191aFC0303895667FD7,1
0x6Dbb7e4c3800a255C2CaE29a43cd1CCD2300450d,1
0x586e750329bfaCb1E771d9BE910309C4Ea72291C,1
0x38b623c235d1da0c54d5ff3462fdea44dcb0df9f,1
0xb796Fb1eb99205C8b41bC56bE8feb26128540D25,1
0x905f7a234e28F7B8a47F76B5966061C63C78C8a2,1
0x69720605151e6966b660b30105CF84356301193C,1
0xd7bA240D14d261c5a91ad61CaCE068a622c2E15d,1
0x756d44d80a41c46574d5cfe645907c00a2ed1a8d,1
0x74c78aD3397245B1f1b9b61CE9b7fe8D9ec7D6D3,1
0x84A78A8864331F54582F29259421f09e69F4c755,1
0x0972C5C77EbF94f0E7DEB711b47208e4Db63F13E,1
0x949eC2EaCBd07037a81C6Df02cAa30c324817b69,1
0x6466C3D204AD26A207c2c1C931884e3A89A92358,1
0x302e77a1Cf8DBc36a24c6acE7aa803fF02c94852,1
0x5D39f7c07757A510ff1B4587a1d61F646F6D43C5,1
0xb3203e4e734e2e03bbd7414a8ea7662a6d524f1d,1
0xcf1d38433e1e1e835590618af19f8cad3eec8f69,1
0x9b850a64Dfd7aDc0aB718Fa1906561118EB4f497,1
0x3D6789F7F939AF48f4e71cAC95A2E9570a1Af03D,1
0x7C2910f47C049484Bf11d87992734713ceA7c896,1
0xc039492610f7984178906f1175e875eab393557f,1
0xfC7842D80A0B42c0a43E329e7f7a2fF6CB851Ea7,1
0x0e86E604cE320E0a227B748d62c5eC4523825e3F,1
0x90C8031397A7bE683fc962Ce973c6848C069099f,1
0xf7ac0c40d8de045670eab6e48fb2cd97c800971b,1
0x21673B54eBf979F55451b7eF71AAf1f67D414068,1
0x1e800b37a851e13a55ccd07503432e7dcb1672d3,1
0x8fd8ae51f56c9251d6f4d9a437672df7ee073962,1
0x06A4D2d2146a027542b7E83C14aeD637b8EBfF84,1
0x389aD3700E5bCcab1f90fbc0B60F6Ee7558952b9,1
0x2A8923f68a41F7Fe51fC483ceB0A52dcf6f46f3D,1
0xB1C70e6006228Bd3a1D687D9D31BF0578c9a16b9,1
0xD49104662583E1928daA8758b0cb3d4153C95096,1
0x16Ab229cC554B86499327f4c8052f7feFE487556,1
0x11B49D03e0A6E48940EfAE7010cf0d8f2d2BF1b2,1
0x08ff5a8723E9e8b811Ce980F39Bc8D9F59E0056A,1
0xdF34FFC8ab6A65fc9BB93c85450096Eb24b58A45,1
0x4d353d2BDF1513B02a1AD1c7912Bb24023BC0367,1
0x5444EaCC3d709ed09BcF6d8621453D8951368B5C,1
0xc0D07138e9A56B0b37e98907e39732e7Eb6f6B69,1
0x09e9d2106B37e650BAeF65DB7087aa2d8202fF7C,1
0xCD0bCe8e81E89b661EaaFD3acF3202cB3AdCEB5A,1
0x0335926E542bD2f9a2e2AB4ce9b8D990e47bc147,1
0xa1C06499d466BC444bB45Af02d5532F373bff4FE,1
0x9198dfd2914cdE6470080bbA5d56219A767de826,1
0xeCFBc7135c3596788d9a1Cbf097a5E287F9760E6,1
0x785937a35426a0a4a26fe26a8233f20f50aa21b3,1
0x89C3a05c10F404Ba36FdFAd1d0a72b1CcdD40dc4,1
0x21854447268544287f63186936236d73C123b9F8,1
0x85f8e5c8436c27ea2927edf6d7d29d6b5e4e7c35,1
0xDd441D8935685E22Bcc044a3F98e06ABfae79a81,1
0x3B5ceA4100Fc3C00d17Ffa96830A1F65aDfF6e49,1
0x460b61bc1eEbe709cD302b685E62DF3EF712e812,1
0x7d86084fe33f452fd5202536a879600fb350c6d3,1
0x200aA8f3ac3DDEd76ad89d3cc4789a8FF26586E2,1
0xb2E015753Bb94e55cE6ab45DFFB6C723825c61C0,1
0xe39c4eae9a818aa4a57be1601031b5ee833d01bc,1
0x31A44296485A9001D6f7ABa6A7531437fB584405,1
0xdd528d2B17840A00A516961df5Caf44ceD94FaBe,1
0xa151d7C51C1c45Fa9479f62F26837829d6a2a50b,1
0xb7e1d94C4070561dD67eCefCF8621eC5904C226b,1
0xfDF13576D654c42135B8fF3Aa1CB47b1BD6FB2c4,1
0xe744792ec380cd3cee24acc6bb771ab05e96909a,1
0x75726a45b321d2ed589c6103b00e2d7bac15b5e6,1
0x997101c7660db0c2ea36583e6341db23b6beeea1,1
0xd5dC41443A66Ff10F4cF25010C25045E7CFB96aB,1
0x9159dEC1ab7388484FD992a2692730BB3F20E12A,1
0x8ee87a90968ee7d033ad7725516234522f54a998,1
0x89Faa2d771C556f5B9E3462Fe530b818c8aD8746,1
0x394b070F24Fd830e38F4ED40ae6B13eaFEA5670d,1
0x992aa4cA89e9ADBb8d9B662C0591198419b2230E,1
0x80f6C4dCf6420Eacd45ffe66b99eC6DCF7415e21,1
0xD111c1F86dE8C17Aeb01500B57d9fbf4ABa6Bae0,1
0x5e7Dfa90FB03804a944a629c898462308C687a84,1
0x0808BeC07FdF2E3471Ec0C268B5C751689E7F75d,1
0x0161D8aB5B9dD0Ed1026Ddd337555f4a864B2B53,1
0x9551d28c87ca8006416a959bf014272c9338c19c,1
0x70f3C3F1B0184dCc3d86CF5cE15D0248fFFf9711,1
0x2cFa5Ac064FafB3071FF6982A2db2e2959cd33e5,1
0x9B251E060D403805E70955De640cd57A772Ad85e,1
0x334cB78fe2a7af7F3714203c246F271CFA69a21D,1
0x650fe0319d7c55a37d49b630a5ba9cd57fd67384,1
0x62267e9A5388a4Af98Dbd67fE72e7ed4cA2d0F25,1
0x0334ae4d3a927a45a4b11cb281fce5a2b2eaf244,1
0x9ed156275dfac67f04c25aa0fc39b475a0a28cc4,1
0xdd924732cad2b4b0ce1812e28243f8d2f2654fd0,1
0x7060a725ee27abd900e10d08eece61eba15dec32,1
0x83970eeaD2E0387b839F582e851da525BCA7566b,1
0xA44B12B52e4B6dD4F7C1d297B0804F719A48e1c4,1
0x00c3c2c8C9251dc09d0A505cEDD98B805207E64a,1
0x2843345Cab92696FC7C9212Dd4b70983488044BF,1
0xCaFaf66a3299AcA892150052eA100a6Eb9103385,1
0x488dc354B35a9687Caa6Ef26AAf2e3f6F01068b9,1
0xca95ADC9189d5a0Dc648244668B780e3007215E8,1
0xE863f0595561d4F603012B741cCA33E386EC4050,1
0xB9c3Cb33b41CF9b8EBCa346A021E19dCD683BEfb,1
0xfA8d154d2c2f28Caa1c59b673AeC0aC55Ed037fc,1
0xfde64ea340165e6cecb9deb73bacd127482e04fd,1
0x26b785aac38eb72d4a9c903b2b97f858d06b77b9,1
0xEe80b0c19AB5f83A149639b8C87df4D18865dfB9,1
0xb8343fac457B2bA68981839693E60249C79c70f8,1
0x676ecf3b695fa49c9d697d4a2519c8a2bbe262d9,1
0x05CBA753F6eb12883817f7B6D172A50389Cfa501,1
0xa47A1D20B091C2Ec1a0FCa2e302cd5790221839B,1
0x9d5deDFA8BC87b12A04eEfB77Af411250e389245,1
0xc30e6905e260b1c4126b080cc445f67de2b52717,1
0x0000a50504B7E8C85BfA46F8B5F6B9377097aBFF,1
0x44a7715Bd1B6b802E94b6B89C4D7157D4040586B,1
0x89f982EeFff6e6Cd8E4F4DcA6d290a6D6208c291,1
0xe2205f0366d2a5399d59b751608822ee41320210,1
0xc0A9FD6b5E9f46dA395dc61fFF2F9b5BE7e0fF41,1
0x4FaC36Db18a86dd8b17C5306E319FA608B270B58,1
0x2d90cd6d9a41771c70174b7a68ad6f3eb2a48e55,1
0x7b3a9180770c35f1f15be4165bbe96aaa06beb6a,1
0x0e354f42370357b39884a7E833c710e282b54818,1
0x9688574cf1481950ae6201cbe5f6a9ae5a97cedd,1
0x6420bf8880248DB4cb5cb7110a8d27ca93d15941,1
0x40656605ba8247cd672473dDF121A4Bb9B1Fdc00,1
0x27701e8a49067675e4dbaeff966f7b1f21ee669c,1
0x87BB89F10dd62cdE0AD4777448e995556860Dc18,1
0x9A1F1477B5CBa834242EA682b8D220D042cd0a55,1
0xAbadB8476ca4F5C9EC081f23A8a08A4d986A1D3b,1
0x0132A3087DeF8f8E8addC7D8a96cd349A92016E8,1
0xB40bD142Db1B8ee92b1bAf90264e21d6fCd5b7c3,1
0x0772f0ad91F024031769EF0338316f7Ee8B86F0F,1
0x0294B2523829ea287A8aa9E7e85f5dC48C221174,1
0x17F5f067958E7e24F94853b40e3abe968943Edb2,1
0x84e272787462ca06f561278a9b309b1d128e3ced,1
0x66818d373b02AC334d2Be24Bc72dF534198bB415,1
0x3094E92dA20e05b1DC4EB68a0970ad8D23A90B33,1
0x536add44676ccB599796DfDfc570DA9F6d37537a,1
0xB25507813d36acB4D4F7Ba7c5fbA11f5e2f30d17,1
0xcDFb02a11E3D8473Ca11bdA5f2403674192d745C,1
0xf70b6ff6d2efc1044d7e56b6fbbe9065520868e9,1
0x29cdf826364c2943fc9352eac31c1c5067661239,1
0x4E5fAf22cCbC62d9d521f010A2A4f41FCB7B6CD0,1
0x98e3A1fCCF50513500a6d365cc01f72F2827F51D,1
0xce9832634424292f9cf680E426e4fF832016b139,1
0x65489C0A3b956328A65096988A389fbDD2Dd7e63,1
0xF13A1B27AfBE9fF63d037b96C6295ea1507a0baA,1
0x1A3F54016a9701d9338a06088E7CEd73E2fcBfFc,1
0xF3Fd9B758378Bf2E34aD101862aD5efC828802eC,1
0x346d9b53BF0c90ed97f3324ba6037a33a2C20C60,1
0x2F6f8CB777F7511CecDc9e9eBd3D9002d1Ab0e61,1
0xb384d928B3F4534DC373067432C7faC1cf5D1723,1
0x1Ed578007756646B4152d330ae137282233AF06d,1
0x988577bCcD45E662C86b07121E52421785CC2dBe,1
0x00d01baf2555784bf9ae77fc9e1c9cd7e299241d,1
0x43bCA716865C79486B08f9Ebc509DD6B7372915E,1
0x2899D342d411e4981B33Ff324D101106697467E1,1
0x7F2Db4a78D86671aA4cA02a7DB2ca18088819d24,1
0xBB9e36B0943BE20f4190FB1835d943D03526fea6,1
0xFE14e258A9A28E9d76F5394fF5F074343265a2aD,1
0x8a502933d2Bae32387D78B709b7F0096e95f9902,1
0xEa2FC2ED571daF216cd30FDD71f310109d6bb318,1
0x8DFEDB1F62820222eC8Ff4D68dDcD86b71116D37,1
0x4609f6fB6A3D81B6C3689061AE76d3b812A272d8,1
0xe57731084d7020D390bfdC29B906B84f260a24c1,1
0x7C7c43dCb9397E4ed6cD59E6D254916c7A44d63E,1
0xb566d2508d1871e4539abdd6ad71557e14dfef6d,1
0xA946D7F287Cb836Eb7dF3133bF7E0BB4096d1648,1
0x807988eda0f89bb6a7df10aa115a2fc0f36b34d5,1
0x20509D1E8ffbfb5F46E4cDA45FF5Dfa97AB939AA,1
0x1C3ACb68D71B7Bc45862B6576AD48AdE99157774,1
0x7a071330eC0b95f626000FDf9A851c9922AFD659,1
0xfb32ddd6504db569d9a1261e848ac6c520d41888,1
0x8b0865ee38cce87b581606c449e955c0692f65f2,1
0xAA72eA81A05049D716E863C9a67175df672b5686,1
0xdA3D184BA9CE168EFc779427A0DAaa1895dc6d27,1
0x4FFfc65b716015DD64d5FF2cB6CaDAa0d74Cc118,1
0xC87D51a80A0BE0ea55a3CC110Db71D8d27cbD003,1
0xE4514a65C70D5f394163010E20AbF2Cf2B17B9A0,1
0x548B0a54458E342483432de13E96dC7Eed962596,1
0x1bA0faC06683E4CeE5720440B3f0b37a8bAB1575,1
0x72E2B17A68896642b434D6DEBDb4c853EDAF3634,1
0x82A79d9aC25879FbF8776eAc600262aDAEfA30cC,1
0xAb60Aae7D5333BE47067730c81Ab54E3225F5851,1
0x4ae9eF198A62dDa4C9B25a46A076357EE2FDC4d3,1
0x66962473d9eeEA760De3Cb5b534a6fc282aaBE32,1
0xcc4deb030f545e13285db83ba38cfa8a3d10947d,1
0x72cf166DFB8f06bFf49eB8153B1347DebBDb95c0,1
0x12F509a58087b28aaee1BBE47205E34877EE0d08,1
0xBd6239C56a7127CD583b10eD460c4E73BC91b866,1
0xf560b746804a6c1Bd3772F52804FDd20F0B27BD8,1
0x8b9ea54e89f15cd9b8a2ba4c2ae07bec937e9137,1
0xD3377c07bc6f8d382b106Eb2d6722a69feC2887A,1
0xbe9009eFA1bc5a7b1Ad549BFC0cdf77b5ade967C,1
0xc41c394A14542f9F770427588Efde640d99b2E3e,1
0xd166f7E18b2eea1aB7b03df5D38d9753cB22d1d3,1
0xb8450268e5Dc5Fa5f32F69BCd4a821BC78C6e441,1
0x5E46F1AE9115402949d12FBBdC601c0DCf1E292d,1
0x7e0FEf1C3BF356F9fc0fb876FbFCaA9E53574226,1
0xfB3ced44B94c012Cd52f783E2b37Ca9f3a994b0a,1
0xEC06Fa5d229b4e7923D2b99D5CC713edC2d5fA97,1
0xC6e330e8c09cB8192CC72F7b0B49C7B38Ef2Efa2,1
0x40175ec0556579CFC91BD7183314A8e9Dbf2b334,1
0xd545011A2E6d3c529B622c72c26EaE6E47376337,1
0x2D6a461dC13Bc199D0985dAF34acd9a67ADC85d9,1
0xbbc3cf45ee4a5349cb86124f937e8a2b7f82fff2,1
0xeb88b2955842f38d5443418ab0be1b59b01dea84,1
0xd4b10b9e7bac9f7eb9e2e41f1f15f58044d34a2a,1
0x7a49D064f8556e345Ed47E39FD6D98e1a81F8Bc3,1
0x3Fad26934f2448Ae23C98454935Db75F00CFbaC2,1
0x0db2678c48798ec98143a91a353655c29a5e0053,1
0xc5a85b60C2015d6Be77fA5191f638F497a0123Eb,1
0x62e2cf6e01e70e0f3dd618545d4c82aa2aaa62fd,1
0x271933d1DAFFEC39E1E8c805DbAFf4e10eCd00BB,1
0x9ff75c8e3e45b925aaf1b57433595c2acd6e4bb2,1
0x3b2c418b2f2634f61d901d5d487e44116434e650,1
0xD0001B4929809F8d812c6f5D0Fca3eAbAE182418,1
0xf22a22ebc09e6f746095f9e9527fb9008144d388,1
0x22a5076ADe9b3E43494be2143E10d7785a6BfF6a,1
0x05d89702Ad4b1C8B816E658Ec40b148342c614d4,1
0xBD54De3Ee9b843bEEAC5A68c4484E4F1d9882c6E,1
0x181777a35f0e206c0768c12ace56e8c285911433,1
0x63De20938CD4A10c382Ee6c6ae5b4864428948b9,1
0x8A05598dc7caf0B0554c7B594aB16d1d262eF8d5,1
0x7864f6C9b0F22ec5C806cD36444f3422D36a0183,1
0x2Da55bf3AF0A0E48D958661e64Db4Fa254b71D2A,1
0x2d2f3d333251d5623933d9b067077b8582b38952,1
0x1AF5b0e0d7674Ac3DEE063E328DC6fa2c2551AAB,1
0x480867782D58b5fB815d9C3EdC0562F8DaAE6805,1
0xa71c2d7950f9f7450c7539ffa8e43c4633a88dc2,1
0xba79f47880226d579ef98c0564c50e633bb1e6e2,1
0x4c5afD022Ff0c6CDEfd0Aa5AC51FD21684D2fF76,1
0x192764038E4aEfd69536414e105002EE43ab5D46,1
0xfD6e7C0AD4C033E9FBf3DDb7DFd6C4f45d9153a6,1
0xD635CA708649774041C1a277c6Ca00E796c4d996,1
0xf8f5aF3c759EF3ebED83fbE971B2a233F51e517c,1
0x15d95d0Cc6EEB9C8062A4D96B8547CC6ECe2C579,1
0xf968B1E4F9E508f511bCd10fC21CE17e9b3FBd46,1
0x059a89fb0eb10414ba17dabaa2b1e8f2bac88991,1
0xdbb9EEe94964E1C483056b0EA8cC036C9aF36FdF,1
0xa66a00Bc2B9b44EB02aB37E044BABEA6E1f255a8,1
0x3B9E2aDD84f9d8A2751B437F2389EBf516cc3A21,1
0xb31f8b445eead72e519832a3984441494e91f80a,1
0x3339865ed92b5ac3FE82893F0F3659fa4a4C452f,1
0x341dc8d959d5F1D15BfE76C7f9D56b27a832DBe5,1
0x2F65f7A04A22DbAF8126BA1ad12C821fBD5733Ca,1
0xDEd2842EE66EDeCFDCF9A6a84B16E3d1A40Fb3F4,1
0x4fccc7c4f86847f5d15358dbaa540b25b9d76a78,1
0xb4e8f3a6647219ca225b86d22904c9ca604c1e73,1
0x62be68c15c56cd1c1ea08e15a4c030d4caff1a90,1
0x4A4E38De548F3bC69cDdb003E5c42C6bca147539,1
0xcF4914Aa2dCcad2B8581eeaF5dB66AdA8C86828A,1
0xe917cd038853351e196107b791ccb7dced6d4806,1
0x59C238a71cBB455d1766F43fC38055977e7e73D1,1
0x3aace7fb984b69b5f8268301eaf1ca8bfa06d0de,1
0x8E81c0c3853470BbdCe2127dE7D48E66409A75fA,1
0x57E528661CA3FE5fbd05851899acccA1803b1fd1,1
0xe2ce11ed48850c98800fc9435dc6e3e9d13eaf45,1
0x904179bd0b2e7919f263ed7e17a02079703d450d,1
0xbbaf97a21b53849876e568fb6b1a64a1da342cc7,1
0x4eEa1c67A8a3CbFa53Fe88b7b120Efa38F8c5cd5,1
0xF57D819194E4D24839f8c9bBA4e04b8645571E07,1
0x29cDBeb50b71E085e6255ec716d23527f0044E60,1
0x8B0a1F7f431d1BB95aa67D790645D157A3DCD2Cf,1
0x39623abfc2843b0038CFecC99468195561BC356C,1
0x4999EC56a923a4c25098fDfb48D170b4e5628e65,1
0x2729964d2249d729c3c34c370c80a954bc0813d1,1
0x9e39b7a0CF886a10531E265e67Ce187819e04631,1
0x7B18575f50Be288F7F23793EdB2eF8725c4F7135,1
0x047B7678422Ce0d69723b3140261a0391c79463b,1
0xA04F756ED8Ba484A4519d49C1961eD0A65C5E5d3,1
0030b99700125d6ad91ac256e7808ba2ba15569409,1
0xcb3319d93970C825F05F79741304719210205f9c,1
0xbe60cAeF7638612492fEB5B8122A38717ba7b926,1
0xeb153bb288ee31a6d6552bff41e048c56efd8e39,1
0xbFB0b4a2609855987A1A9c0C0cb39365561Fc11E,1
0x552FEe59E71B36578BefcFd6093ACd58014338c9,1
0x22b3e2bc65f55970eee675b42598e9c83c532b6d,1
0x9bd44426F57CD81Dd8536C1f1800Fe6e704f9337,1
0xa863e56d6223d619cfd0ffa09dee35375358d23e,1
0xc474acdB95D04f3e24ac15Fde976881e01E642Fb,1
0x469fa39dd80ffaf360d391ac95db6f0589c549b5,1
0x92729004ae9f1674de31ee026e3c835c7e327fde,1
0x4C615ADA1200e54ea81A4A85F263F1c94Be73DaD,1
0x91bf012D5cC67d7204df05640cD7d0E47E40d5e8,1
0xFeB6Ef8E5E2B81072FD1ed14DD7922cA9CcF059C,1
0x324Fc0778119168634f93E099382581720219271,1
0xeCf848F122fC67Db08f1aafA97720D795A8EDFbc,1
0x75d24fd5350e469d4644826a4fc2421486b0b606,1
0xF4Dc133A7E6deC05344162b43eE212F76C146776,1
0x6e3b1E812051e9C31795a88379CB837050be6787,1
0x0033f47Bd54b89459b1Db4b5011Df7C8fa1A3D77,1
0xbe0973FC9C1b1f9B6E7396d56c0C6237043D2d6E,1
0x0000009c6437ff3D602759c36e546A7aaD8034F7,1
0x2f508d9679f21ec741f6e1ac1940a2327c09fdb7,1
0x42c07af1246fb2d1b8a95e6cc697dd9297ae15ab,1
0x36FCC39081773D8F8783Dda9dfA0C1bFF24d76F1,1
0xf27961189030CA612d8e694f322BD969e46A768D,1
0x74654f9D6410209b8a897c4eA05b80BC593EcDE3,1
0x350A0d14133bbf54de414A4f874f50c83f9bf77A,1
0xEEb5a2C4E4E9F065160596523b591c203ff15CbF,1
0xf0447801425e70e29bCFfdabbee0Ce71f0570F92,1
0xe57aabe16d73f5234a5560f6adc905c896c8e0f6,1
0xb42b852646ea9a8cb10fad4958dfa929780bd836,1
0x177a7E67efB17e79841fEA248519142a446CBCFe,1
0xAf3dAaeB88F1173037bb3BbdF82d3ef2420d4e38,1
0xB8481f328Ae0547089585510902Ae585C79f7d24,1
0x7c5C9b53f92AaeDcd70aaFEdB36Aa9F78B0f7A67,1
0xca8492bc26f33fc51049dc7500983bca1a2e385b,1
0x80cA992e6e7796e8F2a6918B714759D57ebd05a6,1
0x7AC4A1b9665C6628Ffb45E372CeDfFA4E959e2aF,1
0xca103194d7e9cde428dd8ad18a1eda3d547a71ae,1
0xf016bF29857D0239281145521106ab68f326B95B,1
0xf7D9dC806261494784D7696B02d5773D011e9249,1
0x9330550e1018FD1b1b53B077e3898972A1963ae0,1
0x9B04fce1ECB14efA25d41b43Ed38dBbB57a32738,1
0x092B7935BC947Ce5898bC0162B949DE375e368D3,1
0xe582B2F0e2dd5B4Cd9adAe496c3f5B3eB702c259,1
0x31642748c776298C47fB4D33351CcfdbF22ECdD5,1
0xfeffe3BF194A042D61E179d3EA6C13D5C646CA3F,1
0x2640b79CDCCA6F20d0f052DE0B0D75034F6aA961,1
0x251b405c7788b1d02d0fa24a38f0721a79f9aadd,1
0x4539E54688016DBCe3198d99a56dD10FFd8D176e,1
0xAeF7A9E8053b8975E05147dee76CfCcA9187955D,1
0xad037328c44eeb7a8d5aad04479bf9214a755677,1
0xd04DC6aB7535f696381c9cAf09ECb249a271778f,1
0xae79264f5c407f28dfd99a8d78bffdb73e125e94,1
0xF07CeA8A16B442A1B9fE7FaE1E153fA473F2D355,1
0x4E6Ca782368e904012A060179e95F33E2cd7347d,1
0xef323cac89d4759513f10e61c1c0d29db5aa791d,1
0xcbC0337a3955d270CF3b49733A9C03D0aF06Dc29,1
0x0BDc3D652d3c28959482225853926BD931067550,1
0x85dca23d6114710fcd7b3297fb11072b9561a06d,1
0x4ca8a9f47cc2abed5685747b8510ed5d713c7a83,1
0x43ad068C623c18Af63fE392E27e153Cdb4472c9c,1
0xE309109f75f56c5a193f846Fa2804D04F2B63721,1
0x7315805Db940D3F933eDBa613C7Da4ec5899EFA2,1
0xBeAa04D443C912746f38d802A605C9886aBc9185,1
0x4c25fb4b9f3ae5240e58fe8a3edb07f7a66aff02,1
0x2aec8ebf681fa91bd132e43a88be49600ccdd7c6,1
0x327D799Fc1Aa1E49270E7c86cB7b70c48d71fE6d,1
0xD9996492fCAB978aD66C7332Daa0429D29e552FE,1
0x2D36d2658B46C509Ecc9BB68D7844bb3ef9D337a,1
0x9521012db7b9be8ae24d6c6561a73e56b6e92b8c,1
0xb859f98a478bec92cd3847880b0019850c43fd83,1
0x743463484f0BB568732F6271DebB6dC1c55b6331,1
0x739534adde5341bd8e61092caea1175c5a55629a,1
0x080c842746A57B1905402f180DbB1454EACfEaEB,1
0xFBeFDEdec91613BA0E2375Ee0776dbc7B00EE2Da,1
0x767B5f0800B584dC96262aED811782adf76fAf4D,1
0x08729AA28f996f3ab4832bd5A10c7499e580ecec,1
0x7C0DF2f4D28d3ce61BFB90a7759fA3e420B3Cc48,1
0x000c53d649dce42e69c27167b72d5e0c65b5d9c1,1
0x0f2EC191E1025b9f1f4d1081b6E28cdb1aEC21ea,1
0xA8525858c72C67Ec30290793095C26AB7E9A4721,1
0xa2d6c81aea38f3522272470ae2500c6a35877ee5,1
0xcb25d50Bea3fCB75D2C91C7eae16a08cCEE35749,1
0x187c3F13107D1D2fFe81Dd0aed9cee27F163aa80,1
0x862a57f927c7954f150aa988b3662eee5b27f8dd,1
0x5ab46f5be866383432a79da3cd13b8d014cf5804,1
0x136380202Be970327a45094227Ac1782bEF06B96,1
0x92625c44eF7ac5908145bb5A71F276512e1504CE,1
0xB89Ed55355Ce3Bbd824258983b22446405E67fa1,1
0xAC17F079F2A54EA681df8a149cC5552Bc372Eb18,1
0x70AC3341B8251E8ddB084e761114dAd880BE6EF8,1
0xae5d14136d30085c9837192e912f2f59afbc1f9d,1
0xaeb715a86fc3991a3e60900f846614b6ad095ff5,1
0xD04cB096DD687387D3626B298EDb781858B70C66,1
0x4f672e2a5e52e1036533de6b61b30b4f2437bf9e,1
0xc272f976e3343f8b75d111321795cfe7812dd37e,1
0x397c7F0D5dEf11B87C123765C571D06dB2d299e3,1
0x876d9A3c6b99974CF5d94AB4831B8eEc5b54069E,1
0x4455A28c0fEF7AC968e12db518074D275F30F824,1
0x65B89b987AbA2f4489E786da3D2AA29B769bD910,1
0xDe770ed47Efe294d7e85FF2aF46FF3C83dC2c4B9,1
0x4e6A85fF1b5BC452aD8DB16CBb5925D55A5ca376,1
0xc898c44fa6acfe5a431d20479b3c70a983b3184e,1
0x53e4B60A45620F81E7aA913E50D6b2bdEaDE4a72,1
0x15617080903aB141B4565560D1cD27f5080962aa,1
0xC5F10CA27bdd7a47997dC5a61c8D8C33fC5f78c0,1
0x5B5C631F2C8814F439eC280edD312ACF2cd05F7f,1
0x6c4D082E158120d688a140BA6c1BEdC27eb3A0f4,1
0xcC2CeA353dfcB77Ff48EA9F4FB97863e9d69470c,1
0x1fdCc98925d68f7672CC5B19aFa1360Aca54E5F1,1
0xD6c061F37a6DC54c0Ec57aE2676f36641c01174F,1
0x2c38fE5cdd6D24E11eEa2283Ab87C074B786193b,1
0x0802f46aaae403dced203cf2ebc8db0feee9ae12,1
0xd883c20c47d432aa433f0f787855d999f017b13d,1
0x2e65d454d0f8e6c3da8a23029349e2cb5f921eb3,1
0x98349f9Cc9a5A512D6d4C7893AC02d87b33B9881,1
0xf0a0e298862e0d860e0c2cd7ca5c1327bce054f1,1
0x9557adAfCB6773ab4FF2991F37BCa827310bd59A,1
0x9adC06E7E56eBaEb26Cf26d4F20f8B425b777fD7,1
0x303068cb328ccc694a48d1c30dff626335887457,1
0x1A3AC6bD05637A4d3b9b93354F13417B932cb162,1
0x970f12fF3367dEfaCC492Ec666F9aAc23D9b9Abb,1
0xdcf73c3e4afacf85fa3f75449da14b6ea95a4806,1
0x22F3185db0a560F9106D7C84d4A2Ee0255A0aafD,1
0xA97f989B29B2820DF246C94297c6aaf597B225a6,1
0x2f830b0F0fE25055AC812680061c2A52831c17E9,1
0x3fdE1Cb6cE03387E1BbF753E940C62f3c4876470,1
0xEf76c2680C9A3aF2f16bCb9F701EbCF2EE971C32,1
0x97ee4a76C055aFF4697472C209487Dcf85426292,1
0x94587ecea8970edbb39b6a1a58332efdfb8ec038,1
0xA1BDef021e7cDbBDEB7feDb8bA9965966B13Eab5,1
0xE1f488Bf672582999ce9A51A0d5D3423f45ba49C,1
0x73d6D914339C9f5b17e938F8612CCC58ebb45FF9,1
0x193486dC877803C15F1bE888f1676eA435eae0CC,1
0xD6e3d595fd78fccd8E52e7782AdD2ce91A264A72,1
0x67aEAe1Def34ACd37A785949edCb61b745491467,1
0x97bd570809cbb40b96d933f1d6155deb074c7000,1
0x78037666829dC657Ecc0d64ed7fE0a8C5858d5FF,1
0xbde4aa4dd5d3d54c6189bac2433bc11698e500ea,1
0x080b31BaF8f12d5f7456fD7A80CBDBa7Ced696D4,1
0x1681f6dab7Cf97F3434908dF9d05Eb7895Ad3E53,1
0xa3a71c1b7f87573f9b121e5b19fc2ebce4085cf1,1
0xea9e5d18abe79af84c0c70742b94628804fcf986,1
0x0eB7D39f70D4A736f1C96C818F125729C7F72409,1
0xd119cfEF25C1e1F9Ce337055a055A70693c7345b,1
0xA10c2769620C473cc0C1d434Bf67B23C2EC1B679,1
0xcd62bccD1F7f9e1aB6eCA9Cb961Dadc50fCEA227,1
0x7Dd37F21a84e81f77A61f0Ff6FD4d9Bd83680E19,1
0x4d02af17a29cda77416a1f60eae9092bb6d9c026,1
0x08423ebdbad54d919081b7d4050ad7defd30da69,1
0xAa0528Bb5a691939483bE6435a38Da7Cf1c289b5,1
0x747Aceaa15Ad2Fc1D51B1bb0cC596e7193AE741b,1
0xa09Df8844F4Db44c01c34db62a9A3E566dfA1eb7,1
0xC4EDcCFe7EECAB346AA9C8a3843EdDe74FB66538,1
0x360128bc19ee97de33833400906dac2dc3aaf354,1
0xCa03640be3598995fE6cF9a6D6BA6F3a9dd1400C,1
0x74c4DF5bA7eA2e1Ea80c89C2f074aC0B9a852273,1
0xa45125f0e9d8a15e6f9135918d3627715735a8b5,1
0xe6b7b24bDCbC933083F778c0Fd12754BD881464a,1
0x7890dE1c91fd2e1F1BD9fb96c30114Cf93CCECA8,1
0xdf5580ED3D02F01528Eac56a2047110c7dE9e8D3,1
0x557240c0c4056b76fe30b280154faddaa72bd71e,1
0xb26Aed96BFEeAF5923b54B3bc95eDd7E39B38722,1
0x0c057aaB3EcCA2Bee6927b07558fc4A757DBcF2a,1
0x7e136FC04b10885E7067c9009f0236f8EDD0035B,1
0x1392f811d32447cd0b235301e866950e54d54a6a,1
0xc45485D77E0a92245d69986cf25Ddf9780f118c8,1
0x729ba6b4412443af740290af753fb69f1c27db29,1
0xf52c311b3cd1a47f81046a147b93cb24100192af,1
0xe34E658f26E48eC8aEa60b1C356B3A8F791e38fD,1
0xc9aa162b88D09A491b23c38B23Faaaf3DaC96585,1
0x2AE36d6C227609601338c02bccB3091c2bEE58E5,1
0x5188c87896d52A6da0AbE53fe75013EC9e64078F,1
0xc35ba743a995cc0ccda85bdf910166bc107fb67f,1
0xD48F65dB8a8AE979f5836c42a43645292553b40d,1
0xebed44428958ed95fb1ee8f0c84f67fcf41ab123,1
0xE10cfb77C428ADAceee605410cEfA7C9B166C291,1
0x568dd376fd08d93CC5279Ed5F5804e2E84663a2f,1
0x8AFc761f52D0b9fB91a2E9C9da2F69a31af9a187,1
0x38aA1E19CcF8e37EA019BbF450DF2C15DbD0DDA8,1
0xC4D3BB4A23B99E05fDa5C8C8A93f1A913d7C500F,1
0xc31298859aa3007658cC0Da22ef20d7b700c925e,1
0x8486bB636E71b548cD0A4792708E7957dDc89f4C,1
0xa3160150C41f069023E5678c3514a031c9024C26,1
0x3A0D5c9b8528fE63C7E2Fe8957f81f0826704946,1
0x0063052772F10343caE16354F5c6B792C6F58CC5,1
0x7CBBE99E7857Dbee449985D058660F23ceA306ee,1
0xAbE447Fe90D8BBd12aec54eEE5356183D046d57b,1
0x1a6F61fB4A5C3E3e0cB61f4b7c32dCA02eA41a38,1
0xaa4271c3cc6f7bb6fe5e96b84352d510d79daded,1
0x48a483e6ef15f4c6b69c091fa59c5bfed0ca5852,1
0xa580f5AaF77090eB959B6f4814E2dE359e484fd7,1
0x446B13F1Ae0BE4c85A2FF77FC13de392132862C9,1
0x5abc4eec5c05ca14951fd7de2e85a4eb3af5d4af,1
0xAd97505ebBcEd4b59eF65663fE29c54F00316c7d,1
0xc2f9a13a92e5cb8215dcff4d38e3d549e463b16f,1
0xe8dc376e6dc60bb7a684d136b2b22395802ec3c6,1
0x220ef734f1d8ba622ac4d6b06c010600b87c3e87,1
0xD8A072047cCaAC057ebaCEbe6849e9bAfd516dd3,1
0xdba5f5d4b3fe8c73e9f9cc43d46867b2cf191d54,1
0x8fe6B7643337404aeb4b3ecAeb47FE3D463bcb77,1
0xfcb19fb84bef2cff8de2c32620b463c1e3b632bf,1
0x4aF468EC0C69A043E41e444a6A3f4981DAd776dA,1
0xD18c6227453aC2FA318B2C0a94A31182C10d7145,1
0xEaCA251873b3bB8CD5804485D1eD0e8f41Ab908B,1
0xc017C97Ca89aD18bA175aa984B189D6801f60A50,1
0xB5beDe296E239A0963bf0A71AA737770E7474543,1
0x69a00932349603AF17990248c1d5c5A0aAAed619,1
0x4D39515136ebE55D8bDCFDc25c7159a6E82aa971,1
0x6212423B7c0988474863B7541e4e0E78300A0870,1
0xC6e29221898FB5A07D52bfbbfDf8bB66cd181055,1
0xbe983Ca4cd979B2947f03A3382134F142E143460,1
0x8033f8628Be2F688399EeD64a6Cd8d127E96693A,1
0x95B533de19F846b4505ef9A83C7028c45A2C6e7C,1
0x800f6001eD9F177F6842CFdba473b0CFACA9F18A,1
0xE924e8ECD6d8625082eB7f034Baf5f0B56761Ee7,1
0x14DdE83BA9F77E39c157f129b529D84cB04182aa,1
0x85c398a3db674e1cc71b8cf506dde3fce29cdfd9,1
0x3B7FE0369A34125782F8D3D9419284f692D41b0C,1
0xa08e0FeE921525286d8720601C4C414DA1ceDF75,1
0xfaee8853a13e5c482b22bee4993560db73de6ebe,1
0x00000E0e2E6298505A639A340845F60a0eeA8528,1
0x5bF096DBe20ACF093f7D8da5528Cbb77CcB3475d,1
0x99110691101da801566765eaecd558e11676793c,1
0x41550C21fB835a5795762c3a311F11FD0f0C4E82,1
0xCb08f7Bb973455466369F0A3A2653b7D9E903c0E,1
0x117f1389Dee487F50Ca3480Ba7AdB2D214B9117e,1
0xD7952f090ccb70d694295c257877cE3712abFe30,1
0x35B3f048F6c9dD8Ffb84Ac34d5E73C66B2a8c592,1
0x887804bD3c919afFD7de5f33778124374dD1A289,1
0xba8496eeb61a43a2b2e52ac1842caafa8029eeb9,1
0x88Acd58b59D1D1fca74dcd5dAadbd6dF3827F999,1
0x88C82Fc49a09C263a2743c94DeDF3B3e041BFeE4,1
0x9c07292da7D490a55ab06cF872696c9D21366Bf7,1
0xd5af36114FC52e9eBF07B68c12d07f1147395cEe,1
0xEd9C18fcc15c02b8B590354dd46C014c62F3DCDE,1
0xd8f8335a69d9e6b682d169ec58e6642bd2ac6046,1
0xd36e679f67fd58f9f2514237504807d47c21286a,1
0x5e375B1247bC19dEbc350695976e5fA7ef958097,1
0x97C7f6DeAA4d30aC237585447D3c196ae6661c87,1
0x08b705B71C88FD4E2Ef3787E52A580Ae5Aaa87c0,1
0x0E8b9bc69f7C21dDC3E1aEe06fe939a9c6b0326A,1
0x296432b218EcdE0C869D8461b323C6FA2c7392eb,1
0x9994B392045A1D2aEf5e72D2EF70b0F61e3A2322,1
0xFC3C787Fc5a58a9A02077Ca5cD6900e2fDA0c94D,1
0x724AF1792d5bF8B5a40e74995609D8B50AC83282,1
0xb396b061a09706f7C5F1B02E3140c5F5f06b7Bb5,1
0xe3b43b615500aD2ad63a3B21C9e649b4E2d81FD1,1
0x061Bc70Ee8994D5c85723d7CFE6665493840360c,1
0xa2D1589A43d454C672fE62bFC9f741FCc777f1d8,1
0xdc4bb0364f879cfb0a5db8e06427c52e3a4019a7,1
0x466e6B73E3DfAF7b6b8181c9a31002e1667BBB35,1
0xa23B29A98F63f8c874634c0f94E9c0D2022EdAa0,1
0xAd843946683F50b10eed3d8091A8B2052DD68B1c,1
0x50F21460496Ce68F302F5a22c7d5A5ac2e075456,1
0x67C14c67444f6164cE26b417D64d68566fE16E9A,1
0x7D9f2234dB6797f797046Fe96C5fFCe39261D04b,1
0xe489306e4330ae58de8abfe8a3e3287d071ae2ff,1
0x5e97034B9ED6EcFc200120a7C425c95ac5000E8D,1
0x5290220f6c834734b974bdda379d262550316bef,1
0x55a75B6DaB623AB4699fa18B7d11d3D4671de63c,1
0x98d474626305194981ae616413A725c84543A171,1
0x94a85ef7880d9a456180dfb598733db9bb5bdcdc,1
0x61760E7FE6C2d40cDdcb366F8D263BB250C1FF6F,1
0xc6258A14f4B57FC5F59703807c989C2D7FcCf102,1
0x2e3a1d2cce3618f276cf6e5e3e8f2b3a81fcea7c,1
0x3dABfd811247462cBe61BF75C97e5EC521eCbA47,1
0xa805f8fbe07e7cfcd19d5bbcd46f1495bc4956ee,1
0x7DfdE5F0cD512C2902C78d388065B0A3157E2266,1
0xAc585a730Dca7DE9f6E262524220e88C5556320C,1
0x34dE6460A9EB7E26Aabb0a997697b8553d5d5C7b,1
0xBa12615b0522542bbA3e10f468E0f38465de95CF,1
0x9578bc4908AE41A6cB81d0B5D0aD23098bbEe357,1
0x1b30b85bceda2b749bcec71dcf290b89a621d6bb,1
0x1c23b2f50f2805c1d44ca4a2de1665b8cce56951,1
0x322104F68dd41b6006deB2AEAcFc9065a23D1D62,1
0x2F700B42B92D7A443675757B4d134671ad7f0886,1
0x0690452C77f1e36fB3b866098612542d8311E48E,1
0xcaeb672f845054045fe37a24059b663108000d96,1
0xfaa6b114d51bc711589262eebbae4ac798234198,1
0x3088A36762266Bd7887076083A1Fd1D9bbd2E0B9,1
0xf0B771a61686765dA191F1a9D87a1741477362b3,1
0x6946FF357fE2625dc928701e6e22cF950Cf3054E,1
0x9EC5fCEB76b0BCb2F8277EF703f546E2D8A72Be6,1
0x543c00ad88c82255a943998f8104ea0eed47aa9d,1
0xB528Cb1c6d1E22627b41B0A29bc9675F7196278F,1
0xa55a7Ce797a02e0f9f4F935f87AF887Bd25b890f,1
0xf09310b47cC796Ad7f5c8eA8cf2DEf2188178FA8,1
0xD281AC3a656a9BFED37202ec459A8DD9D5959Dc6,1
0xAf63C2DB758E5631E5d70B096C06b46a8aC35e6E,1
0x009cEe532e73ef20832FdAA259a6D0c80106DfD8,1
0x3Db1230de87E2E1C04bbDD8b4032fD5819f2dF76,1
0xf1f91f1330150315bdd51bffb3a556bfc03d3082,1
0x351A1451732239c614069447F3E4D2fcA19dCA26,1
0x894572e3719da207515b5a177efb05b525c6151c,1
0xE699aA340946E7809264F58A0aFB4BA281E46d86,1
0x93b5caceafa4d91a1b3b0a72d81811f63d7875e1,1
0xc1A7C964AC6b157160D245E64Cd05A43E1cdd78E,1
0xf6a68ff591d5d4565b34cd1b4bcb86d90d13a3e3,1
0x1466Db7Ec1FA31307dF8a34641e0c3eD835a0909,1
0x1cdcd0145d52233a6038478905532e996df8e120,1
0x58F0978782f41eaFdAa7CD4789bC39710142c9D5,1
0x5cA2CcB0A103821195b3d1712a7941A2aB89e58f,1
0x2c808c70923176650d86e9CcA4a4E863cb4F8c62,1
0xb1e45eEDD3da28672D3CF0fAFb7639A3C21Fc651,1
0xa1c6c1dbbdd50998474e2c8c527dc23be1c0c296,1
0xC0D535bACa891e9104Ac3bafB6D039C4dAE2c995,1
0x58306Cc36224450481b5E2fAc6c21A369eB20dc4,1
0x780Fb4Ce91B629bdDe8adca8126Dc521645D58cC,1
